learning_seed,n_samples_per_state,template_seed,target_src,target_dst,target_feature,present_n_admissible_edges,absent_n_admissible_edges,baseline_safe_present,baseline_safe_absent,baseline_safe_present_minus_absent,safe_gain_present,safe_gain_absent,safe_gain_present_minus_absent,risky_drop_present,risky_drop_absent,risky_drop_present_minus_absent,present_H1,absent_H1,present_H2,absent_H2,present_H3,absent_H3,present_H4,absent_H4,present_pass_all,absent_pass_all,present_resistance_risky_terminal,absent_resistance_risky_terminal
0,600,2000,boundary_assessed,high_level_explanation,edge__boundary_assessed__high_level_explanation,42,41,0.4361111111111111,0.4305555555555556,0.005555555555555536,0.19166666666666665,0.19166666666666665,0.0,0.2791666666666667,0.2875,-0.008333333333333304,True,True,True,True,True,True,True,True,True,True,0.0125,0.0125
0,600,2001,boundary_assessed,high_level_explanation,edge__boundary_assessed__high_level_explanation,43,42,0.48333333333333334,0.45416666666666666,0.029166666666666674,0.14861111111111108,0.17083333333333334,-0.022222222222222254,0.2513888888888889,0.27361111111111114,-0.022222222222222254,True,True,True,True,False,True,True,True,False,True,0.005555555555555556,0.006944444444444444
0,600,2002,boundary_assessed,high_level_explanation,edge__boundary_assessed__high_level_explanation,42,41,0.4708333333333333,0.4652777777777778,0.005555555555555536,0.16388888888888886,0.15416666666666667,0.009722222222222188,0.2736111111111111,0.2791666666666666,-0.005555555555555536,True,True,True,True,True,True,True,True,True,True,0.008333333333333333,0.008333333333333333
0,600,2003,boundary_assessed,high_level_explanation,edge__boundary_assessed__high_level_explanation,44,43,0.5375,0.5069444444444444,0.030555555555555558,0.126388888888889,0.16527777777777786,-0.03888888888888886,0.2125,0.2486111111111111,-0.036111111111111094,True,True,True,True,False,True,True,True,False,True,0.006944444444444444,0.005555555555555556
0,600,2004,boundary_assessed,high_level_explanation,edge__boundary_assessed__high_level_explanation,43,42,0.48194444444444445,0.4861111111111111,-0.004166666666666652,0.15277777777777785,0.14166666666666666,0.011111111111111183,0.16666666666666666,0.16805555555555554,-0.001388888888888884,True,True,True,True,True,False,True,True,True,False,0.004166666666666667,0.005555555555555556
0,600,2005,boundary_assessed,high_level_explanation,edge__boundary_assessed__high_level_explanation,42,41,0.5486111111111112,0.5375,0.011111111111111183,0.11944444444444435,0.13055555555555554,-0.011111111111111183,0.21944444444444444,0.23055555555555557,-0.011111111111111127,True,True,True,True,False,False,True,True,False,False,0.001388888888888889,0.001388888888888889
0,600,2006,boundary_assessed,high_level_explanation,edge__boundary_assessed__high_level_explanation,43,42,0.47361111111111115,0.47638888888888886,-0.0027777777777777124,0.18611111111111106,0.17500000000000004,0.011111111111111016,0.2263888888888889,0.2263888888888889,0.0,True,True,True,True,True,True,True,True,True,True,0.004166666666666667,0.004166666666666667
0,600,2007,boundary_assessed,high_level_explanation,edge__boundary_assessed__high_level_explanation,43,42,0.4513888888888889,0.4597222222222222,-0.008333333333333304,0.25972222222222213,0.24722222222222218,0.012499999999999956,0.35000000000000003,0.3402777777777778,0.009722222222222243,True,True,True,True,True,True,True,True,True,True,0.019444444444444445,0.020833333333333332
0,600,2008,boundary_assessed,high_level_explanation,edge__boundary_assessed__high_level_explanation,43,42,0.5736111111111112,0.5652777777777778,0.008333333333333415,0.1347222222222222,0.1416666666666666,-0.00694444444444442,0.22361111111111112,0.23194444444444445,-0.008333333333333331,True,True,True,True,False,False,True,True,False,False,0.002777777777777778,0.002777777777777778
0,600,2009,boundary_assessed,high_level_explanation,edge__boundary_assessed__high_level_explanation,43,42,0.4666666666666667,0.45833333333333337,0.008333333333333304,0.16666666666666663,0.17499999999999993,-0.008333333333333304,0.2666666666666667,0.27361111111111114,-0.00694444444444442,True,True,True,True,True,True,True,True,True,True,0.006944444444444444,0.006944444444444444
0,600,2010,boundary_assessed,high_level_explanation,edge__boundary_assessed__high_level_explanation,44,43,0.5291666666666667,0.5388888888888889,-0.009722222222222188,0.11805555555555558,0.10416666666666663,0.01388888888888895,0.21944444444444444,0.21527777777777776,0.00416666666666668,True,True,True,True,False,False,True,True,False,False,0.006944444444444444,0.006944444444444444
0,600,2011,boundary_assessed,high_level_explanation,edge__boundary_assessed__high_level_explanation,44,43,0.5388888888888889,0.5333333333333333,0.005555555555555536,0.11805555555555558,0.12638888888888888,-0.008333333333333304,0.2125,0.2222222222222222,-0.009722222222222215,True,True,True,True,False,False,True,True,False,False,0.006944444444444444,0.006944444444444444
0,1200,2000,boundary_assessed,high_level_explanation,edge__boundary_assessed__high_level_explanation,42,41,0.4444444444444445,0.45138888888888884,-0.006944444444444364,0.14999999999999997,0.15416666666666667,-0.004166666666666707,0.26666666666666666,0.2569444444444444,0.009722222222222243,True,True,True,True,True,True,True,True,True,True,0.009722222222222222,0.011111111111111112
0,1200,2001,boundary_assessed,high_level_explanation,edge__boundary_assessed__high_level_explanation,43,42,0.4625,0.43472222222222223,0.02777777777777779,0.15833333333333333,0.1791666666666667,-0.02083333333333337,0.25833333333333336,0.28055555555555556,-0.0222222222222222,True,True,True,True,True,True,True,True,True,True,0.006944444444444444,0.006944444444444444
0,1200,2002,boundary_assessed,high_level_explanation,edge__boundary_assessed__high_level_explanation,42,41,0.4625,0.46111111111111114,0.001388888888888884,0.1777777777777777,0.16527777777777775,0.012499999999999956,0.27222222222222225,0.2791666666666667,-0.00694444444444442,True,True,True,True,True,True,True,True,True,True,0.002777777777777778,0.004166666666666667
0,1200,2003,boundary_assessed,high_level_explanation,edge__boundary_assessed__high_level_explanation,44,43,0.525,0.5125,0.012500000000000067,0.14583333333333326,0.15833333333333344,-0.012500000000000178,0.22916666666666669,0.24166666666666667,-0.012499999999999983,True,True,True,True,False,True,True,True,False,True,0.001388888888888889,0.002777777777777778
0,1200,2004,boundary_assessed,high_level_explanation,edge__boundary_assessed__high_level_explanation,43,42,0.475,0.45833333333333337,0.016666666666666607,0.14861111111111114,0.1680555555555555,-0.019444444444444375,0.1847222222222222,0.20277777777777778,-0.018055555555555575,True,True,True,True,False,True,True,True,False,True,0.004166666666666667,0.005555555555555556
0,1200,2005,boundary_assessed,high_level_explanation,edge__boundary_assessed__high_level_explanation,42,41,0.5625,0.5527777777777778,0.009722222222222188,0.11527777777777781,0.12916666666666654,-0.013888888888888729,0.20555555555555555,0.22222222222222224,-0.01666666666666669,True,True,True,True,False,False,True,True,False,False,0.004166666666666667,0.001388888888888889
0,1200,2006,boundary_assessed,high_level_explanation,edge__boundary_assessed__high_level_explanation,43,42,0.4861111111111111,0.47500000000000003,0.011111111111111072,0.1736111111111111,0.19027777777777782,-0.01666666666666672,0.21666666666666667,0.22916666666666666,-0.012499999999999983,True,True,True,True,True,True,True,True,True,True,0.006944444444444444,0.006944444444444444
0,1200,2007,boundary_assessed,high_level_explanation,edge__boundary_assessed__high_level_explanation,43,42,0.4722222222222222,0.45694444444444443,0.015277777777777779,0.21944444444444444,0.23888888888888887,-0.01944444444444443,0.3472222222222222,0.3597222222222222,-0.012500000000000011,True,True,True,True,True,True,True,True,True,True,0.018055555555555554,0.016666666666666666
0,1200,2008,boundary_assessed,high_level_explanation,edge__boundary_assessed__high_level_explanation,43,42,0.5597222222222222,0.5402777777777779,0.019444444444444375,0.12083333333333335,0.15694444444444433,-0.03611111111111098,0.225,0.24444444444444444,-0.01944444444444443,True,True,True,True,False,True,True,True,False,True,0.005555555555555556,0.006944444444444444
0,1200,2009,boundary_assessed,high_level_explanation,edge__boundary_assessed__high_level_explanation,43,42,0.4722222222222222,0.45416666666666666,0.018055555555555547,0.17500000000000004,0.19444444444444448,-0.01944444444444443,0.2513888888888889,0.2625,-0.011111111111111127,True,True,True,True,True,True,True,True,True,True,0.005555555555555556,0.006944444444444444
0,1200,2010,boundary_assessed,high_level_explanation,edge__boundary_assessed__high_level_explanation,44,43,0.5347222222222222,0.513888888888889,0.02083333333333326,0.1347222222222223,0.1499999999999999,-0.015277777777777612,0.20416666666666666,0.225,-0.020833333333333343,True,True,True,True,False,False,True,True,False,False,0.001388888888888889,0.002777777777777778
0,1200,2011,boundary_assessed,high_level_explanation,edge__boundary_assessed__high_level_explanation,44,43,0.5430555555555555,0.5333333333333333,0.009722222222222188,0.13055555555555565,0.13611111111111118,-0.005555555555555536,0.19722222222222224,0.2097222222222222,-0.012499999999999956,True,True,True,True,False,False,True,True,False,False,0.002777777777777778,0.004166666666666667
1,600,2000,boundary_assessed,high_level_explanation,edge__boundary_assessed__high_level_explanation,42,41,0.43194444444444446,0.42916666666666664,0.0027777777777778234,0.06527777777777777,0.06388888888888894,0.0013888888888888284,0.08055555555555556,0.09305555555555556,-0.012499999999999997,True,True,True,True,False,False,True,True,False,False,0.004166666666666667,0.001388888888888889
1,600,2001,boundary_assessed,high_level_explanation,edge__boundary_assessed__high_level_explanation,43,42,0.5666666666666667,0.5430555555555555,0.023611111111111138,0.06666666666666665,0.06527777777777777,0.001388888888888884,0.09305555555555556,0.11527777777777777,-0.022222222222222213,True,True,True,True,False,False,True,True,False,False,0.001388888888888889,0.002777777777777778
1,600,2002,boundary_assessed,high_level_explanation,edge__boundary_assessed__high_level_explanation,42,41,0.5569444444444445,0.5125,0.04444444444444451,0.09999999999999998,0.056944444444444464,0.043055555555555514,0.13333333333333333,0.15555555555555556,-0.022222222222222227,True,True,True,True,False,False,True,True,False,False,0.004166666666666667,0.027777777777777776
1,600,2003,boundary_assessed,high_level_explanation,edge__boundary_assessed__high_level_explanation,44,43,0.5958333333333333,0.5847222222222223,0.011111111111111072,0.047222222222222165,0.05833333333333335,-0.011111111111111183,0.05972222222222222,0.07222222222222222,-0.012499999999999997,True,True,True,True,False,False,True,True,False,False,0.001388888888888889,0.0
1,600,2004,boundary_assessed,high_level_explanation,edge__boundary_assessed__high_level_explanation,43,42,0.5902777777777777,0.5750000000000001,0.015277777777777612,0.03750000000000009,0.04861111111111105,-0.01111111111111096,0.05694444444444444,0.07083333333333333,-0.013888888888888888,True,True,True,True,False,False,True,True,False,False,0.001388888888888889,0.0
1,600,2005,boundary_assessed,high_level_explanation,edge__boundary_assessed__high_level_explanation,42,41,0.7305555555555555,0.7055555555555556,0.02499999999999991,0.04166666666666674,0.06527777777777777,-0.023611111111111027,0.07222222222222223,0.09583333333333334,-0.02361111111111111,True,True,True,True,False,False,True,True,False,False,0.001388888888888889,0.001388888888888889
1,600,2006,boundary_assessed,high_level_explanation,edge__boundary_assessed__high_level_explanation,43,42,0.5083333333333333,0.47500000000000003,0.03333333333333327,0.022222222222222254,0.06388888888888883,-0.041666666666666574,0.06666666666666667,0.09166666666666667,-0.02500000000000001,True,True,True,True,False,False,True,True,False,False,0.002777777777777778,0.001388888888888889
1,600,2007,boundary_assessed,high_level_explanation,edge__boundary_assessed__high_level_explanation,43,42,0.6361111111111111,0.6277777777777778,0.008333333333333304,0.009722222222222299,0.01805555555555549,-0.008333333333333193,0.05694444444444444,0.06805555555555555,-0.011111111111111106,True,True,True,True,False,False,True,True,False,False,0.0,0.0
1,600,2008,boundary_assessed,high_level_explanation,edge__boundary_assessed__high_level_explanation,43,42,0.6722222222222223,0.6361111111111111,0.036111111111111205,0.0,0.030555555555555558,-0.030555555555555558,0.08611111111111111,0.1125,-0.026388888888888892,True,True,True,True,False,False,True,True,False,False,0.001388888888888889,0.005555555555555556
1,600,2009,boundary_assessed,high_level_explanation,edge__boundary_assessed__high_level_explanation,43,42,0.42777777777777776,0.43333333333333335,-0.005555555555555591,0.0847222222222222,0.07638888888888884,0.00833333333333336,0.08611111111111111,0.08888888888888889,-0.002777777777777782,True,True,True,True,False,False,True,True,False,False,0.001388888888888889,0.0
1,600,2010,boundary_assessed,high_level_explanation,edge__boundary_assessed__high_level_explanation,44,43,0.5930555555555556,0.5847222222222223,0.008333333333333304,0.05277777777777781,0.061111111111111116,-0.008333333333333304,0.0625,0.06944444444444445,-0.0069444444444444475,True,True,True,True,False,False,True,True,False,False,0.0,0.0
1,600,2011,boundary_assessed,high_level_explanation,edge__boundary_assessed__high_level_explanation,44,43,0.7388888888888889,0.7222222222222222,0.01666666666666672,0.016666666666666607,0.030555555555555558,-0.01388888888888895,0.059722222222222225,0.0763888888888889,-0.01666666666666667,True,True,True,True,False,False,True,True,False,False,0.002777777777777778,0.0
1,1200,2000,boundary_assessed,high_level_explanation,edge__boundary_assessed__high_level_explanation,42,41,0.40694444444444444,0.39861111111111114,0.008333333333333304,0.06388888888888888,0.0708333333333333,-0.00694444444444442,0.1,0.10277777777777777,-0.002777777777777768,True,True,True,True,False,False,True,True,False,False,0.001388888888888889,0.004166666666666667
1,1200,2001,boundary_assessed,high_level_explanation,edge__boundary_assessed__high_level_explanation,43,42,0.5708333333333333,0.5402777777777777,0.030555555555555558,0.05277777777777781,0.06527777777777777,-0.012499999999999956,0.08055555555555556,0.10972222222222222,-0.02916666666666666,True,True,True,True,False,False,True,True,False,False,0.001388888888888889,0.002777777777777778
1,1200,2002,boundary_assessed,high_level_explanation,edge__boundary_assessed__high_level_explanation,42,41,0.5430555555555555,0.4930555555555556,0.04999999999999993,0.10277777777777786,0.06666666666666665,0.036111111111111205,0.13611111111111113,0.16805555555555557,-0.03194444444444444,True,True,True,True,False,False,True,True,False,False,0.002777777777777778,0.02361111111111111
1,1200,2003,boundary_assessed,high_level_explanation,edge__boundary_assessed__high_level_explanation,44,43,0.5833333333333334,0.575,0.008333333333333415,0.056944444444444464,0.06388888888888888,-0.00694444444444442,0.0638888888888889,0.07222222222222223,-0.008333333333333331,True,True,True,True,False,False,True,True,False,False,0.001388888888888889,0.001388888888888889
1,1200,2004,boundary_assessed,high_level_explanation,edge__boundary_assessed__high_level_explanation,43,42,0.5625,0.5513888888888889,0.011111111111111072,0.05138888888888882,0.05833333333333335,-0.006944444444444531,0.06805555555555556,0.07500000000000001,-0.0069444444444444475,True,True,True,True,False,False,True,True,False,False,0.001388888888888889,0.001388888888888889
1,1200,2005,boundary_assessed,high_level_explanation,edge__boundary_assessed__high_level_explanation,42,41,0.7374999999999999,0.7208333333333333,0.016666666666666607,0.03472222222222221,0.04444444444444451,-0.009722222222222299,0.06527777777777778,0.07916666666666666,-0.013888888888888881,True,True,True,True,False,False,True,True,False,False,0.0,0.0
1,1200,2006,boundary_assessed,high_level_explanation,edge__boundary_assessed__high_level_explanation,43,42,0.4986111111111111,0.4597222222222222,0.03888888888888892,0.06805555555555554,0.10416666666666669,-0.03611111111111115,0.07777777777777778,0.11527777777777777,-0.03749999999999999,True,True,True,True,False,False,True,True,False,False,0.001388888888888889,0.002777777777777778
1,1200,2007,boundary_assessed,high_level_explanation,edge__boundary_assessed__high_level_explanation,43,42,0.5944444444444444,0.5874999999999999,0.006944444444444531,0.047222222222222276,0.04166666666666674,0.005555555555555536,0.07222222222222223,0.075,-0.002777777777777768,True,True,True,True,False,False,True,True,False,False,0.001388888888888889,0.002777777777777778
1,1200,2008,boundary_assessed,high_level_explanation,edge__boundary_assessed__high_level_explanation,43,42,0.675,0.6361111111111112,0.03888888888888886,-0.009722222222222188,0.019444444444444375,-0.029166666666666563,0.08611111111111111,0.1236111111111111,-0.03749999999999999,True,True,True,True,False,False,True,True,False,False,0.001388888888888889,0.002777777777777778
1,1200,2009,boundary_assessed,high_level_explanation,edge__boundary_assessed__high_level_explanation,43,42,0.39999999999999997,0.3888888888888889,0.011111111111111072,0.0763888888888889,0.08611111111111108,-0.009722222222222188,0.09583333333333333,0.1,-0.00416666666666668,True,True,True,True,False,False,True,True,False,False,0.002777777777777778,0.001388888888888889
1,1200,2010,boundary_assessed,high_level_explanation,edge__boundary_assessed__high_level_explanation,44,43,0.5763888888888888,0.5736111111111111,0.002777777777777768,0.06666666666666676,0.05833333333333335,0.008333333333333415,0.06666666666666667,0.06805555555555555,-0.001388888888888884,True,True,True,True,False,False,True,True,False,False,0.002777777777777778,0.002777777777777778
1,1200,2011,boundary_assessed,high_level_explanation,edge__boundary_assessed__high_level_explanation,44,43,0.725,0.7138888888888889,0.011111111111111072,0.023611111111111138,0.02777777777777779,-0.004166666666666652,0.06249999999999999,0.0763888888888889,-0.013888888888888902,True,True,True,True,False,False,True,True,False,False,0.001388888888888889,0.0
2,600,2000,boundary_assessed,high_level_explanation,edge__boundary_assessed__high_level_explanation,42,41,0.4486111111111111,0.4486111111111111,0.0,0.08749999999999997,0.08888888888888885,-0.001388888888888884,0.13333333333333333,0.13333333333333333,0.0,True,True,True,True,False,False,True,True,False,False,0.002777777777777778,0.002777777777777778
2,600,2001,boundary_assessed,high_level_explanation,edge__boundary_assessed__high_level_explanation,43,42,0.37916666666666665,0.37916666666666665,0.0,0.07222222222222224,0.07222222222222224,0.0,0.10277777777777777,0.10277777777777777,0.0,True,True,True,True,False,False,True,True,False,False,0.0,0.0
2,600,2002,boundary_assessed,high_level_explanation,edge__boundary_assessed__high_level_explanation,42,41,0.37777777777777777,0.37916666666666665,-0.001388888888888884,0.07361111111111113,0.06944444444444448,0.004166666666666652,0.10416666666666667,0.10277777777777777,0.0013888888888888978,True,True,True,True,False,False,True,True,False,False,0.0,0.0
2,600,2003,boundary_assessed,high_level_explanation,edge__boundary_assessed__high_level_explanation,44,43,0.37916666666666665,0.37916666666666665,0.0,0.07222222222222224,0.07222222222222224,0.0,0.10277777777777777,0.10277777777777777,0.0,True,True,True,True,False,False,True,True,False,False,0.0,0.0
2,600,2004,boundary_assessed,high_level_explanation,edge__boundary_assessed__high_level_explanation,43,42,0.3611111111111111,0.3611111111111111,0.0,0.08055555555555555,0.08055555555555555,0.0,0.10555555555555556,0.10555555555555556,0.0,True,True,True,True,False,False,True,True,False,False,0.0,0.0
2,600,2005,boundary_assessed,high_level_explanation,edge__boundary_assessed__high_level_explanation,42,41,0.3333333333333333,0.3333333333333333,0.0,0.0888888888888889,0.0888888888888889,0.0,0.14027777777777778,0.14027777777777778,0.0,True,True,True,True,False,False,True,True,False,False,0.0,0.0
2,600,2006,boundary_assessed,high_level_explanation,edge__boundary_assessed__high_level_explanation,43,42,0.35833333333333334,0.3597222222222222,-0.001388888888888884,0.07777777777777778,0.07777777777777778,0.0,0.08194444444444444,0.08194444444444444,0.0,True,True,True,True,False,False,True,True,False,False,0.0,0.0
2,600,2007,boundary_assessed,high_level_explanation,edge__boundary_assessed__high_level_explanation,43,42,0.34305555555555556,0.34305555555555556,0.0,0.04444444444444445,0.04444444444444445,0.0,0.12222222222222222,0.12222222222222222,0.0,True,True,True,True,False,False,True,True,False,False,0.002777777777777778,0.002777777777777778
2,600,2008,boundary_assessed,high_level_explanation,edge__boundary_assessed__high_level_explanation,43,42,0.40555555555555556,0.40555555555555556,0.0,0.055555555555555525,0.05416666666666664,0.001388888888888884,0.10694444444444445,0.10833333333333334,-0.001388888888888884,True,True,True,True,False,False,True,True,False,False,0.001388888888888889,0.001388888888888889
2,600,2009,boundary_assessed,high_level_explanation,edge__boundary_assessed__high_level_explanation,43,42,0.44166666666666665,0.44166666666666665,0.0,0.07222222222222219,0.07222222222222219,0.0,0.14027777777777778,0.14027777777777778,0.0,True,True,True,True,False,False,True,True,False,False,0.002777777777777778,0.002777777777777778
2,600,2010,boundary_assessed,high_level_explanation,edge__boundary_assessed__high_level_explanation,44,43,0.37916666666666665,0.37916666666666665,0.0,0.06944444444444448,0.06944444444444448,0.0,0.10277777777777777,0.10277777777777777,0.0,True,True,True,True,False,False,True,True,False,False,0.0,0.0
2,600,2011,boundary_assessed,high_level_explanation,edge__boundary_assessed__high_level_explanation,44,43,0.31805555555555554,0.31805555555555554,0.0,0.06666666666666671,0.06666666666666671,0.0,0.15000000000000002,0.15000000000000002,0.0,True,True,True,True,False,False,True,True,False,False,0.002777777777777778,0.002777777777777778
2,1200,2000,boundary_assessed,high_level_explanation,edge__boundary_assessed__high_level_explanation,42,41,0.45416666666666666,0.45416666666666666,0.0,0.08333333333333331,0.08333333333333331,0.0,0.15833333333333333,0.15833333333333333,0.0,True,True,True,True,False,False,True,True,False,False,0.004166666666666667,0.004166666666666667
2,1200,2001,boundary_assessed,high_level_explanation,edge__boundary_assessed__high_level_explanation,43,42,0.3736111111111111,0.3736111111111111,0.0,0.07916666666666666,0.07916666666666666,0.0,0.11111111111111112,0.11111111111111112,0.0,True,True,True,True,False,False,True,True,False,False,0.001388888888888889,0.001388888888888889
2,1200,2002,boundary_assessed,high_level_explanation,edge__boundary_assessed__high_level_explanation,42,41,0.3763888888888889,0.3736111111111111,0.002777777777777768,0.07916666666666666,0.0763888888888889,0.002777777777777768,0.1125,0.11666666666666667,-0.004166666666666666,True,True,True,True,False,False,True,True,False,False,0.001388888888888889,0.001388888888888889
2,1200,2003,boundary_assessed,high_level_explanation,edge__boundary_assessed__high_level_explanation,44,43,0.37777777777777777,0.37777777777777777,0.0,0.07500000000000001,0.07500000000000001,0.0,0.1138888888888889,0.1138888888888889,0.0,True,True,True,True,False,False,True,True,False,False,0.001388888888888889,0.001388888888888889
2,1200,2004,boundary_assessed,high_level_explanation,edge__boundary_assessed__high_level_explanation,43,42,0.3611111111111111,0.3611111111111111,0.0,0.08750000000000002,0.08750000000000002,0.0,0.10972222222222222,0.10972222222222222,0.0,True,True,True,True,False,False,True,True,False,False,0.001388888888888889,0.001388888888888889
2,1200,2005,boundary_assessed,high_level_explanation,edge__boundary_assessed__high_level_explanation,42,41,0.33194444444444443,0.33194444444444443,0.0,0.10416666666666669,0.10416666666666669,0.0,0.14444444444444446,0.14444444444444446,0.0,True,True,True,True,False,False,True,True,False,False,0.001388888888888889,0.001388888888888889
2,1200,2006,boundary_assessed,high_level_explanation,edge__boundary_assessed__high_level_explanation,43,42,0.3277777777777778,0.3277777777777778,0.0,0.11805555555555558,0.1166666666666667,0.001388888888888884,0.10138888888888889,0.10138888888888889,0.0,True,True,True,True,False,False,True,True,False,False,0.001388888888888889,0.001388888888888889
2,1200,2007,boundary_assessed,high_level_explanation,edge__boundary_assessed__high_level_explanation,43,42,0.3111111111111111,0.3111111111111111,0.0,0.08333333333333331,0.08333333333333331,0.0,0.1486111111111111,0.1486111111111111,0.0,True,True,True,True,False,False,True,True,False,False,0.002777777777777778,0.002777777777777778
2,1200,2008,boundary_assessed,high_level_explanation,edge__boundary_assessed__high_level_explanation,43,42,0.39444444444444443,0.39444444444444443,0.0,0.061111111111111116,0.061111111111111116,0.0,0.1236111111111111,0.1236111111111111,0.0,True,True,True,True,False,False,True,True,False,False,0.002777777777777778,0.002777777777777778
2,1200,2009,boundary_assessed,high_level_explanation,edge__boundary_assessed__high_level_explanation,43,42,0.45694444444444443,0.45694444444444443,0.0,0.06111111111111117,0.06111111111111117,0.0,0.14305555555555555,0.14305555555555555,0.0,True,True,True,True,False,False,True,True,False,False,0.001388888888888889,0.001388888888888889
2,1200,2010,boundary_assessed,high_level_explanation,edge__boundary_assessed__high_level_explanation,44,43,0.375,0.375,0.0,0.07777777777777778,0.07777777777777778,0.0,0.10972222222222222,0.10972222222222222,0.0,True,True,True,True,False,False,True,True,False,False,0.001388888888888889,0.001388888888888889
2,1200,2011,boundary_assessed,high_level_explanation,edge__boundary_assessed__high_level_explanation,44,43,0.3125,0.3125,0.0,0.09583333333333333,0.09583333333333333,0.0,0.16111111111111112,0.16111111111111112,0.0,True,True,True,True,False,False,True,True,False,False,0.001388888888888889,0.001388888888888889
0,600,2000,risky_assessed,refuse,edge__risky_assessed__refuse,42,41,0.5208333333333334,0.4486111111111111,0.07222222222222224,0.14861111111111114,0.25694444444444436,-0.10833333333333323,0.23472222222222222,0.3625,-0.12777777777777777,True,True,True,True,False,True,True,True,False,True,0.006944444444444444,0.016666666666666666
0,600,2001,risky_assessed,refuse,edge__risky_assessed__refuse,43,42,0.48333333333333334,0.42083333333333334,0.0625,0.14861111111111108,0.2638888888888889,-0.11527777777777781,0.2513888888888889,0.37777777777777777,-0.12638888888888888,True,True,True,True,False,True,True,True,False,True,0.005555555555555556,0.019444444444444445
0,600,2002,risky_assessed,refuse,edge__risky_assessed__refuse,42,41,0.45416666666666666,0.39444444444444443,0.05972222222222223,0.17083333333333334,0.2888888888888889,-0.11805555555555558,0.27361111111111114,0.4,-0.12638888888888888,True,True,True,True,True,True,True,True,True,True,0.006944444444444444,0.019444444444444445
0,600,2003,risky_assessed,refuse,edge__risky_assessed__refuse,44,43,0.5388888888888889,0.4666666666666667,0.07222222222222219,0.11805555555555547,0.22499999999999998,-0.10694444444444451,0.21666666666666665,0.33472222222222225,-0.11805555555555561,True,True,True,True,False,True,True,True,False,True,0.005555555555555556,0.022222222222222223
0,600,2004,risky_assessed,refuse,edge__risky_assessed__refuse,43,42,0.48194444444444445,0.43333333333333335,0.048611111111111105,0.15277777777777785,0.2222222222222222,-0.06944444444444436,0.16666666666666666,0.29166666666666663,-0.12499999999999997,True,True,True,True,True,True,True,True,True,True,0.004166666666666667,0.0125
0,600,2005,risky_assessed,refuse,edge__risky_assessed__refuse,42,41,0.4736111111111111,0.3138888888888889,0.1597222222222222,0.16527777777777775,0.20277777777777783,-0.03750000000000009,0.27083333333333337,0.48749999999999993,-0.21666666666666656,True,True,True,True,True,True,True,True,True,True,0.002777777777777778,0.058333333333333334
0,600,2006,risky_assessed,refuse,edge__risky_assessed__refuse,43,42,0.4722222222222222,0.40694444444444444,0.06527777777777777,0.17083333333333328,0.27083333333333337,-0.10000000000000009,0.21805555555555556,0.3847222222222222,-0.16666666666666663,True,True,True,True,True,True,True,True,True,True,0.008333333333333333,0.0125
0,600,2007,risky_assessed,refuse,edge__risky_assessed__refuse,43,42,0.5388888888888889,0.44305555555555554,0.09583333333333333,0.11805555555555558,0.30972222222222223,-0.19166666666666665,0.2125,0.3625,-0.15,True,True,True,True,False,True,True,True,False,True,0.006944444444444444,0.029166666666666667
0,600,2008,risky_assessed,refuse,edge__risky_assessed__refuse,43,42,0.5694444444444444,0.4916666666666667,0.07777777777777772,0.1347222222222222,0.2569444444444444,-0.12222222222222223,0.22361111111111112,0.3763888888888889,-0.15277777777777776,True,True,True,True,False,True,True,True,False,True,0.002777777777777778,0.015277777777777777
0,600,2009,risky_assessed,refuse,edge__risky_assessed__refuse,43,42,0.5375,0.4666666666666667,0.0708333333333333,0.126388888888889,0.23749999999999993,-0.11111111111111094,0.2125,0.3375,-0.12500000000000003,True,True,True,True,False,True,True,True,False,True,0.006944444444444444,0.018055555555555554
0,600,2010,risky_assessed,refuse,edge__risky_assessed__refuse,44,43,0.5291666666666667,0.4513888888888889,0.07777777777777778,0.11805555555555558,0.25972222222222213,-0.14166666666666655,0.21944444444444444,0.35000000000000003,-0.1305555555555556,True,True,True,True,False,True,True,True,False,True,0.006944444444444444,0.019444444444444445
0,600,2011,risky_assessed,refuse,edge__risky_assessed__refuse,44,43,0.4708333333333333,0.3208333333333333,0.15000000000000002,0.15694444444444444,0.19444444444444442,-0.03749999999999998,0.25972222222222224,0.4930555555555555,-0.23333333333333328,True,True,True,True,True,True,True,True,True,True,0.006944444444444444,0.04722222222222222
0,1200,2000,risky_assessed,refuse,edge__risky_assessed__refuse,42,41,0.5472222222222223,0.44305555555555554,0.10416666666666674,0.125,0.25555555555555554,-0.13055555555555554,0.21666666666666665,0.3722222222222222,-0.15555555555555553,True,True,True,True,False,True,True,True,False,True,0.005555555555555556,0.009722222222222222
0,1200,2001,risky_assessed,refuse,edge__risky_assessed__refuse,43,42,0.4625,0.43194444444444446,0.030555555555555558,0.15833333333333333,0.25416666666666665,-0.09583333333333333,0.25833333333333336,0.37777777777777777,-0.11944444444444441,True,True,True,True,True,True,True,True,True,True,0.006944444444444444,0.018055555555555554
0,1200,2002,risky_assessed,refuse,edge__risky_assessed__refuse,42,41,0.43472222222222223,0.4125,0.022222222222222254,0.1791666666666667,0.26527777777777783,-0.08611111111111114,0.28055555555555556,0.39166666666666666,-0.1111111111111111,True,True,True,True,True,True,True,True,True,True,0.006944444444444444,0.019444444444444445
0,1200,2003,risky_assessed,refuse,edge__risky_assessed__refuse,44,43,0.5333333333333333,0.4722222222222222,0.061111111111111116,0.1333333333333333,0.22916666666666663,-0.09583333333333333,0.2111111111111111,0.3416666666666667,-0.13055555555555556,True,True,True,True,False,True,True,True,False,True,0.006944444444444444,0.020833333333333332
0,1200,2004,risky_assessed,refuse,edge__risky_assessed__refuse,43,42,0.475,0.4125,0.0625,0.14861111111111114,0.2527777777777779,-0.10416666666666674,0.1847222222222222,0.31805555555555554,-0.13333333333333333,True,True,True,True,False,True,True,True,False,True,0.004166666666666667,0.016666666666666666
0,1200,2005,risky_assessed,refuse,edge__risky_assessed__refuse,42,41,0.49722222222222223,0.33472222222222225,0.16249999999999998,0.1444444444444445,0.21666666666666667,-0.07222222222222219,0.25972222222222224,0.49027777777777776,-0.2305555555555555,True,True,True,True,False,True,True,True,False,True,0.004166666666666667,0.04583333333333333
0,1200,2006,risky_assessed,refuse,edge__risky_assessed__refuse,43,42,0.46111111111111114,0.40694444444444444,0.054166666666666696,0.19166666666666665,0.2666666666666667,-0.07500000000000007,0.23333333333333334,0.3902777777777778,-0.15694444444444444,True,True,True,True,True,True,True,True,True,True,0.006944444444444444,0.016666666666666666
0,1200,2007,risky_assessed,refuse,edge__risky_assessed__refuse,43,42,0.5430555555555555,0.4527777777777778,0.09027777777777773,0.13055555555555565,0.29583333333333334,-0.1652777777777777,0.19722222222222224,0.3847222222222222,-0.18749999999999994,True,True,True,True,False,True,True,True,False,True,0.002777777777777778,0.02638888888888889
0,1200,2008,risky_assessed,refuse,edge__risky_assessed__refuse,43,42,0.5513888888888889,0.4791666666666667,0.07222222222222224,0.12083333333333335,0.24305555555555552,-0.12222222222222218,0.22916666666666666,0.3875,-0.15833333333333335,True,True,True,True,False,True,True,True,False,True,0.004166666666666667,0.013888888888888888
0,1200,2009,risky_assessed,refuse,edge__risky_assessed__refuse,43,42,0.525,0.46805555555555556,0.056944444444444464,0.14583333333333326,0.23472222222222217,-0.0888888888888889,0.22916666666666669,0.3541666666666667,-0.125,True,True,True,True,False,True,True,True,False,True,0.001388888888888889,0.020833333333333332
0,1200,2010,risky_assessed,refuse,edge__risky_assessed__refuse,44,43,0.5347222222222222,0.4722222222222222,0.0625,0.1347222222222223,0.21944444444444444,-0.08472222222222214,0.20416666666666666,0.3472222222222222,-0.14305555555555555,True,True,True,True,False,True,True,True,False,True,0.001388888888888889,0.018055555555555554
0,1200,2011,risky_assessed,refuse,edge__risky_assessed__refuse,44,43,0.4722222222222222,0.33055555555555555,0.14166666666666666,0.17500000000000004,0.20833333333333331,-0.03333333333333327,0.2513888888888889,0.4930555555555555,-0.24166666666666664,True,True,True,True,True,True,True,True,True,True,0.005555555555555556,0.041666666666666664
1,600,2000,risky_assessed,refuse,edge__risky_assessed__refuse,42,41,0.576388888888889,0.5930555555555556,-0.016666666666666607,0.06527777777777766,0.07916666666666661,-0.01388888888888895,0.09305555555555556,0.09861111111111112,-0.005555555555555564,True,True,True,True,False,False,True,True,False,False,0.001388888888888889,0.001388888888888889
1,600,2001,risky_assessed,refuse,edge__risky_assessed__refuse,43,42,0.5666666666666667,0.6069444444444444,-0.040277777777777746,0.06666666666666665,0.02777777777777779,0.03888888888888886,0.09305555555555556,0.08888888888888889,0.004166666666666666,True,True,True,True,False,False,True,True,False,False,0.001388888888888889,0.001388888888888889
1,600,2002,risky_assessed,refuse,edge__risky_assessed__refuse,42,41,0.5430555555555555,0.5805555555555556,-0.03750000000000009,0.06527777777777777,0.03472222222222221,0.030555555555555558,0.11527777777777777,0.1125,0.002777777777777768,True,True,True,True,False,False,True,True,False,False,0.002777777777777778,0.002777777777777778
1,600,2003,risky_assessed,refuse,edge__risky_assessed__refuse,44,43,0.6041666666666667,0.6263888888888889,-0.022222222222222143,0.03888888888888886,0.03472222222222221,0.004166666666666652,0.06805555555555556,0.07222222222222222,-0.004166666666666652,True,True,True,True,False,False,True,True,False,False,0.001388888888888889,0.0
1,600,2004,risky_assessed,refuse,edge__risky_assessed__refuse,43,42,0.5902777777777777,0.6069444444444444,-0.01666666666666672,0.03750000000000009,0.03888888888888886,-0.001388888888888773,0.05694444444444444,0.06666666666666667,-0.009722222222222222,True,True,True,True,False,False,True,True,False,False,0.001388888888888889,0.0
1,600,2005,risky_assessed,refuse,edge__risky_assessed__refuse,42,41,0.4638888888888889,0.45972222222222225,0.004166666666666652,0.0805555555555556,0.08333333333333337,-0.002777777777777768,0.06527777777777778,0.06666666666666667,-0.001388888888888884,True,True,True,True,False,False,True,True,False,False,0.001388888888888889,0.001388888888888889
1,600,2006,risky_assessed,refuse,edge__risky_assessed__refuse,43,42,0.4986111111111111,0.5166666666666666,-0.01805555555555549,0.040277777777777746,0.047222222222222276,-0.006944444444444531,0.06666666666666667,0.06805555555555555,-0.001388888888888884,True,True,True,True,False,False,True,True,False,False,0.0,0.0
1,600,2007,risky_assessed,refuse,edge__risky_assessed__refuse,43,42,0.7388888888888889,0.7958333333333334,-0.056944444444444464,0.016666666666666607,0.07222222222222219,-0.05555555555555558,0.059722222222222225,0.05555555555555555,0.004166666666666673,True,True,True,True,False,False,True,True,False,False,0.002777777777777778,0.0
1,600,2008,risky_assessed,refuse,edge__risky_assessed__refuse,43,42,0.6513888888888889,0.6708333333333334,-0.019444444444444486,0.012499999999999956,0.009722222222222077,0.002777777777777879,0.07222222222222223,0.07777777777777778,-0.00555555555555555,True,True,True,True,False,False,True,True,False,False,0.001388888888888889,0.001388888888888889
1,600,2009,risky_assessed,refuse,edge__risky_assessed__refuse,43,42,0.5944444444444444,0.6361111111111111,-0.04166666666666663,0.04861111111111105,0.005555555555555647,0.0430555555555554,0.05972222222222222,0.05694444444444444,0.002777777777777775,True,True,True,True,False,False,True,True,False,False,0.001388888888888889,0.001388888888888889
1,600,2010,risky_assessed,refuse,edge__risky_assessed__refuse,44,43,0.5930555555555556,0.6361111111111111,-0.043055555555555514,0.05277777777777781,0.009722222222222299,0.043055555555555514,0.0625,0.05694444444444444,0.005555555555555557,True,True,True,True,False,False,True,True,False,False,0.0,0.0
1,600,2011,risky_assessed,refuse,edge__risky_assessed__refuse,44,43,0.42777777777777776,0.43194444444444446,-0.004166666666666707,0.0847222222222222,0.08333333333333337,0.0013888888888888284,0.08611111111111111,0.08333333333333334,0.002777777777777768,True,True,True,True,False,False,True,True,False,False,0.001388888888888889,0.001388888888888889
1,1200,2000,risky_assessed,refuse,edge__risky_assessed__refuse,42,41,0.5930555555555554,0.5986111111111111,-0.005555555555555647,0.050000000000000044,0.05555555555555547,-0.005555555555555425,0.09444444444444444,0.10277777777777777,-0.008333333333333331,True,True,True,True,False,False,True,True,False,False,0.004166666666666667,0.004166666666666667
1,1200,2001,risky_assessed,refuse,edge__risky_assessed__refuse,43,42,0.5708333333333333,0.5861111111111111,-0.015277777777777835,0.05277777777777781,0.033333333333333326,0.019444444444444486,0.08055555555555556,0.08472222222222223,-0.004166666666666666,True,True,True,True,False,False,True,True,False,False,0.001388888888888889,0.001388888888888889
1,1200,2002,risky_assessed,refuse,edge__risky_assessed__refuse,42,41,0.5402777777777777,0.5486111111111112,-0.008333333333333415,0.06527777777777777,0.0625,0.002777777777777768,0.10972222222222222,0.11805555555555555,-0.008333333333333331,True,True,True,True,False,False,True,True,False,False,0.002777777777777778,0.002777777777777778
1,1200,2003,risky_assessed,refuse,edge__risky_assessed__refuse,44,43,0.5958333333333333,0.6,-0.004166666666666652,0.033333333333333326,0.05555555555555569,-0.022222222222222365,0.06527777777777778,0.08194444444444444,-0.016666666666666663,True,True,True,True,False,False,True,True,False,False,0.004166666666666667,0.002777777777777778
1,1200,2004,risky_assessed,refuse,edge__risky_assessed__refuse,43,42,0.5625,0.5805555555555555,-0.01805555555555549,0.05138888888888882,0.043055555555555625,0.008333333333333193,0.06805555555555556,0.07916666666666668,-0.011111111111111113,True,True,True,True,False,False,True,True,False,False,0.001388888888888889,0.001388888888888889
1,1200,2005,risky_assessed,refuse,edge__risky_assessed__refuse,42,41,0.4388888888888889,0.4347222222222222,0.004166666666666707,0.06666666666666665,0.08611111111111108,-0.01944444444444443,0.07916666666666666,0.07777777777777778,0.001388888888888884,True,True,True,True,False,False,True,True,False,False,0.0,0.0
1,1200,2006,risky_assessed,refuse,edge__risky_assessed__refuse,43,42,0.48888888888888893,0.5222222222222221,-0.033333333333333215,0.036111111111111094,0.03750000000000009,-0.001388888888888995,0.059722222222222225,0.061111111111111116,-0.001388888888888891,True,True,True,True,False,False,True,True,False,False,0.005555555555555556,0.004166666666666667
1,1200,2007,risky_assessed,refuse,edge__risky_assessed__refuse,43,42,0.725,0.7861111111111112,-0.06111111111111123,0.023611111111111138,0.09027777777777768,-0.06666666666666654,0.06249999999999999,0.05694444444444444,0.00555555555555555,True,True,True,True,False,False,True,True,False,False,0.001388888888888889,0.0
1,1200,2008,risky_assessed,refuse,edge__risky_assessed__refuse,43,42,0.648611111111111,0.6611111111111112,-0.012500000000000178,-0.01388888888888884,0.005555555555555425,-0.019444444444444264,0.08055555555555556,0.08611111111111111,-0.00555555555555555,True,True,True,True,False,False,True,True,False,False,0.004166666666666667,0.004166666666666667
1,1200,2009,risky_assessed,refuse,edge__risky_assessed__refuse,43,42,0.5819444444444445,0.5944444444444444,-0.012499999999999956,0.05833333333333335,0.04583333333333339,0.012499999999999956,0.06527777777777778,0.06944444444444445,-0.004166666666666666,True,True,True,True,False,False,True,True,False,False,0.001388888888888889,0.001388888888888889
1,1200,2010,risky_assessed,refuse,edge__risky_assessed__refuse,44,43,0.5763888888888888,0.5944444444444444,-0.018055555555555602,0.06666666666666676,0.047222222222222276,0.019444444444444486,0.06666666666666667,0.07222222222222223,-0.005555555555555564,True,True,True,True,False,False,True,True,False,False,0.002777777777777778,0.001388888888888889
1,1200,2011,risky_assessed,refuse,edge__risky_assessed__refuse,44,43,0.4013888888888889,0.4125,-0.011111111111111072,0.07499999999999996,0.0763888888888889,-0.0013888888888889395,0.09444444444444444,0.09583333333333333,-0.001388888888888884,True,True,True,True,False,False,True,True,False,False,0.002777777777777778,0.002777777777777778
2,600,2000,risky_assessed,refuse,edge__risky_assessed__refuse,42,41,0.4,0.3402777777777778,0.05972222222222223,0.061111111111111116,0.06666666666666665,-0.005555555555555536,0.09166666666666667,0.12777777777777777,-0.036111111111111094,True,True,True,True,False,False,True,True,False,False,0.001388888888888889,0.004166666666666667
2,600,2001,risky_assessed,refuse,edge__risky_assessed__refuse,43,42,0.37916666666666665,0.34305555555555556,0.036111111111111094,0.07222222222222224,0.04583333333333334,0.026388888888888906,0.10277777777777777,0.12222222222222222,-0.019444444444444445,True,True,True,True,False,False,True,True,False,False,0.0,0.002777777777777778
2,600,2002,risky_assessed,refuse,edge__risky_assessed__refuse,42,41,0.37916666666666665,0.34305555555555556,0.036111111111111094,0.07222222222222224,0.04444444444444445,0.02777777777777779,0.10277777777777777,0.12222222222222222,-0.019444444444444445,True,True,True,True,False,False,True,True,False,False,0.0,0.002777777777777778
2,600,2003,risky_assessed,refuse,edge__risky_assessed__refuse,44,43,0.375,0.34305555555555556,0.03194444444444444,0.07222222222222224,0.04583333333333334,0.026388888888888906,0.10833333333333334,0.13055555555555556,-0.022222222222222227,True,True,True,True,False,False,True,True,False,False,0.0,0.002777777777777778
2,600,2004,risky_assessed,refuse,edge__risky_assessed__refuse,43,42,0.3611111111111111,0.32916666666666666,0.03194444444444444,0.08055555555555555,0.04583333333333334,0.03472222222222221,0.10555555555555556,0.11944444444444445,-0.013888888888888895,True,True,True,True,False,False,True,True,False,False,0.0,0.001388888888888889
2,600,2005,risky_assessed,refuse,edge__risky_assessed__refuse,42,41,0.4652777777777778,0.42777777777777776,0.03750000000000003,0.047222222222222165,0.10000000000000003,-0.05277777777777787,0.13472222222222222,0.22222222222222224,-0.08750000000000002,True,True,True,True,False,False,True,True,False,False,0.001388888888888889,0.001388888888888889
2,600,2006,risky_assessed,refuse,edge__risky_assessed__refuse,43,42,0.3611111111111111,0.3236111111111111,0.03749999999999998,0.07916666666666666,0.061111111111111116,0.018055555555555547,0.07916666666666666,0.12083333333333333,-0.04166666666666667,True,True,True,True,False,False,True,True,False,False,0.0,0.001388888888888889
2,600,2007,risky_assessed,refuse,edge__risky_assessed__refuse,43,42,0.31805555555555554,0.19444444444444445,0.12361111111111109,0.06666666666666671,0.03472222222222221,0.0319444444444445,0.15000000000000002,0.2388888888888889,-0.08888888888888888,True,True,True,True,False,False,True,True,False,False,0.002777777777777778,0.001388888888888889
2,600,2008,risky_assessed,refuse,edge__risky_assessed__refuse,43,42,0.4097222222222222,0.3638888888888889,0.04583333333333334,0.04999999999999999,0.030555555555555558,0.01944444444444443,0.10277777777777779,0.12222222222222222,-0.01944444444444443,True,True,True,True,False,False,True,True,False,False,0.001388888888888889,0.005555555555555556
2,600,2009,risky_assessed,refuse,edge__risky_assessed__refuse,43,42,0.37916666666666665,0.34305555555555556,0.036111111111111094,0.06944444444444448,0.04444444444444445,0.025000000000000022,0.10277777777777777,0.12222222222222222,-0.019444444444444445,True,True,True,True,False,False,True,True,False,False,0.0,0.002777777777777778
2,600,2010,risky_assessed,refuse,edge__risky_assessed__refuse,44,43,0.37916666666666665,0.34305555555555556,0.036111111111111094,0.06944444444444448,0.04444444444444445,0.025000000000000022,0.10277777777777777,0.12222222222222222,-0.019444444444444445,True,True,True,True,False,False,True,True,False,False,0.0,0.002777777777777778
2,600,2011,risky_assessed,refuse,edge__risky_assessed__refuse,44,43,0.44166666666666665,0.42916666666666664,0.012500000000000011,0.07361111111111107,0.08888888888888896,-0.01527777777777789,0.14027777777777778,0.2111111111111111,-0.07083333333333333,True,True,True,True,False,False,True,True,False,False,0.002777777777777778,0.002777777777777778
2,1200,2000,risky_assessed,refuse,edge__risky_assessed__refuse,42,41,0.3763888888888889,0.3083333333333333,0.06805555555555559,0.08333333333333337,0.11944444444444446,-0.036111111111111094,0.14305555555555555,0.18055555555555555,-0.037500000000000006,True,True,True,True,False,False,True,True,False,False,0.001388888888888889,0.002777777777777778
2,1200,2001,risky_assessed,refuse,edge__risky_assessed__refuse,43,42,0.3736111111111111,0.30833333333333335,0.06527777777777777,0.07916666666666666,0.08333333333333331,-0.004166666666666652,0.11111111111111112,0.1513888888888889,-0.04027777777777779,True,True,True,True,False,False,True,True,False,False,0.001388888888888889,0.002777777777777778
2,1200,2002,risky_assessed,refuse,edge__risky_assessed__refuse,42,41,0.3736111111111111,0.30833333333333335,0.06527777777777777,0.07916666666666666,0.08333333333333331,-0.004166666666666652,0.11111111111111112,0.1513888888888889,-0.04027777777777779,True,True,True,True,False,False,True,True,False,False,0.001388888888888889,0.002777777777777778
2,1200,2003,risky_assessed,refuse,edge__risky_assessed__refuse,44,43,0.37222222222222223,0.31527777777777777,0.056944444444444464,0.07916666666666666,0.08194444444444449,-0.0027777777777778234,0.11944444444444445,0.15833333333333335,-0.0388888888888889,True,True,True,True,False,False,True,True,False,False,0.001388888888888889,0.002777777777777778
2,1200,2004,risky_assessed,refuse,edge__risky_assessed__refuse,43,42,0.3611111111111111,0.3055555555555555,0.05555555555555558,0.08750000000000002,0.08611111111111114,0.001388888888888884,0.10972222222222222,0.14722222222222223,-0.037500000000000006,True,True,True,True,False,False,True,True,False,False,0.001388888888888889,0.002777777777777778
2,1200,2005,risky_assessed,refuse,edge__risky_assessed__refuse,42,41,0.475,0.4444444444444444,0.030555555555555558,0.054166666666666696,0.10416666666666674,-0.050000000000000044,0.15,0.21250000000000002,-0.06250000000000003,True,True,True,True,False,False,True,True,False,False,0.001388888888888889,0.002777777777777778
2,1200,2006,risky_assessed,refuse,edge__risky_assessed__refuse,43,42,0.3263888888888889,0.30416666666666664,0.022222222222222254,0.11805555555555552,0.08333333333333337,0.034722222222222154,0.09027777777777778,0.1277777777777778,-0.03750000000000002,True,True,True,True,False,False,True,True,False,False,0.001388888888888889,0.002777777777777778
2,1200,2007,risky_assessed,refuse,edge__risky_assessed__refuse,43,42,0.3125,0.19444444444444445,0.11805555555555555,0.09583333333333333,0.02638888888888888,0.06944444444444445,0.16111111111111112,0.2472222222222222,-0.08611111111111108,True,True,True,True,False,False,True,True,False,False,0.001388888888888889,0.004166666666666667
2,1200,2008,risky_assessed,refuse,edge__risky_assessed__refuse,43,42,0.39999999999999997,0.3263888888888889,0.07361111111111107,0.054166666666666696,0.07222222222222219,-0.01805555555555549,0.11666666666666667,0.15833333333333333,-0.04166666666666666,True,True,True,True,False,False,True,True,False,False,0.002777777777777778,0.005555555555555556
2,1200,2009,risky_assessed,refuse,edge__risky_assessed__refuse,43,42,0.3763888888888889,0.31666666666666665,0.05972222222222223,0.0763888888888889,0.07777777777777778,-0.001388888888888884,0.1138888888888889,0.15000000000000002,-0.03611111111111112,True,True,True,True,False,False,True,True,False,False,0.001388888888888889,0.002777777777777778
2,1200,2010,risky_assessed,refuse,edge__risky_assessed__refuse,44,43,0.375,0.3111111111111111,0.06388888888888888,0.07777777777777778,0.08333333333333331,-0.005555555555555536,0.10972222222222222,0.1486111111111111,-0.03888888888888889,True,True,True,True,False,False,True,True,False,False,0.001388888888888889,0.002777777777777778
2,1200,2011,risky_assessed,refuse,edge__risky_assessed__refuse,44,43,0.45694444444444443,0.4305555555555556,0.02638888888888885,0.06111111111111117,0.07777777777777772,-0.016666666666666552,0.14305555555555555,0.22361111111111112,-0.08055555555555557,True,True,True,True,False,False,True,True,False,False,0.001388888888888889,0.002777777777777778
0,600,2000,ambiguous_assessed,clarify,edge__ambiguous_assessed__clarify,42,41,0.5208333333333334,0.5597222222222222,-0.03888888888888886,0.14861111111111114,0.12083333333333335,0.02777777777777779,0.23472222222222222,0.225,0.009722222222222215,True,True,True,True,False,False,True,True,False,False,0.006944444444444444,0.002777777777777778
0,600,2001,ambiguous_assessed,clarify,edge__ambiguous_assessed__clarify,43,42,0.48333333333333334,0.5013888888888889,-0.018055555555555547,0.14861111111111108,0.13611111111111107,0.012500000000000011,0.2513888888888889,0.25,0.001388888888888884,True,True,True,True,False,False,True,True,False,False,0.005555555555555556,0.001388888888888889
0,600,2002,ambiguous_assessed,clarify,edge__ambiguous_assessed__clarify,42,41,0.45416666666666666,0.4847222222222222,-0.030555555555555558,0.17083333333333334,0.14305555555555555,0.02777777777777779,0.27361111111111114,0.26666666666666666,0.006944444444444475,True,True,True,True,True,False,True,True,True,False,0.006944444444444444,0.002777777777777778
0,600,2003,ambiguous_assessed,clarify,edge__ambiguous_assessed__clarify,44,43,0.5388888888888889,0.5527777777777778,-0.01388888888888895,0.11805555555555547,0.11388888888888882,0.004166666666666652,0.21666666666666665,0.2111111111111111,0.005555555555555536,True,True,True,True,False,False,True,True,False,False,0.005555555555555556,0.001388888888888889
0,600,2004,ambiguous_assessed,clarify,edge__ambiguous_assessed__clarify,43,42,0.4583333333333333,0.48055555555555557,-0.022222222222222254,0.1916666666666667,0.16250000000000003,0.029166666666666674,0.225,0.22083333333333333,0.00416666666666668,True,True,True,True,True,True,True,True,True,True,0.011111111111111112,0.005555555555555556
0,600,2005,ambiguous_assessed,clarify,edge__ambiguous_assessed__clarify,42,41,0.4305555555555556,0.4569444444444445,-0.026388888888888906,0.18611111111111112,0.19166666666666665,-0.005555555555555536,0.21805555555555553,0.2111111111111111,0.00694444444444442,True,True,True,True,True,True,True,True,True,True,0.004166666666666667,0.005555555555555556
0,600,2006,ambiguous_assessed,clarify,edge__ambiguous_assessed__clarify,43,42,0.45972222222222225,0.4902777777777778,-0.030555555555555558,0.24305555555555547,0.2652777777777777,-0.022222222222222254,0.34305555555555556,0.3402777777777778,0.002777777777777768,True,True,True,True,True,True,True,True,True,True,0.019444444444444445,0.0125
0,600,2007,ambiguous_assessed,clarify,edge__ambiguous_assessed__clarify,43,42,0.5388888888888889,0.5486111111111112,-0.009722222222222299,0.11805555555555558,0.11944444444444435,-0.001388888888888773,0.2125,0.21944444444444444,-0.0069444444444444475,True,True,True,True,False,False,True,True,False,False,0.006944444444444444,0.001388888888888889
0,600,2008,ambiguous_assessed,clarify,edge__ambiguous_assessed__clarify,43,42,0.5694444444444444,0.5805555555555555,-0.011111111111111072,0.1347222222222222,0.14583333333333337,-0.011111111111111183,0.22361111111111112,0.24305555555555555,-0.01944444444444443,True,True,True,True,False,False,True,True,False,False,0.002777777777777778,0.004166666666666667
0,600,2009,ambiguous_assessed,clarify,edge__ambiguous_assessed__clarify,43,42,0.5375,0.5527777777777778,-0.015277777777777835,0.126388888888889,0.1069444444444444,0.019444444444444597,0.2125,0.20694444444444443,0.005555555555555564,True,True,True,True,False,False,True,True,False,False,0.006944444444444444,0.005555555555555556
0,600,2010,ambiguous_assessed,clarify,edge__ambiguous_assessed__clarify,44,43,0.5291666666666667,0.5430555555555555,-0.01388888888888884,0.11805555555555558,0.125,-0.00694444444444442,0.21944444444444444,0.21388888888888888,0.005555555555555564,True,True,True,True,False,False,True,True,False,False,0.006944444444444444,0.0
0,600,2011,ambiguous_assessed,clarify,edge__ambiguous_assessed__clarify,44,43,0.4708333333333333,0.4736111111111111,-0.002777777777777768,0.15694444444444444,0.16527777777777775,-0.008333333333333304,0.25972222222222224,0.27083333333333337,-0.011111111111111127,True,True,True,True,True,True,True,True,True,True,0.006944444444444444,0.002777777777777778
0,1200,2000,ambiguous_assessed,clarify,edge__ambiguous_assessed__clarify,42,41,0.5472222222222223,0.5486111111111112,-0.001388888888888884,0.125,0.1513888888888888,-0.026388888888888795,0.21666666666666665,0.2236111111111111,-0.0069444444444444475,True,True,True,True,False,True,True,True,False,True,0.005555555555555556,0.004166666666666667
0,1200,2001,ambiguous_assessed,clarify,edge__ambiguous_assessed__clarify,43,42,0.4625,0.4875,-0.024999999999999967,0.15833333333333333,0.16250000000000003,-0.004166666666666707,0.25833333333333336,0.26666666666666666,-0.008333333333333304,True,True,True,True,True,True,True,True,True,True,0.006944444444444444,0.001388888888888889
0,1200,2002,ambiguous_assessed,clarify,edge__ambiguous_assessed__clarify,42,41,0.43472222222222223,0.4652777777777778,-0.030555555555555558,0.1791666666666667,0.16388888888888886,0.015277777777777835,0.28055555555555556,0.2833333333333333,-0.002777777777777768,True,True,True,True,True,True,True,True,True,True,0.006944444444444444,0.001388888888888889
0,1200,2003,ambiguous_assessed,clarify,edge__ambiguous_assessed__clarify,44,43,0.5333333333333333,0.548611111111111,-0.015277777777777724,0.1333333333333333,0.12777777777777788,0.005555555555555425,0.2111111111111111,0.21805555555555553,-0.00694444444444442,True,True,True,True,False,False,True,True,False,False,0.006944444444444444,0.004166666666666667
0,1200,2004,ambiguous_assessed,clarify,edge__ambiguous_assessed__clarify,43,42,0.4652777777777778,0.5041666666666667,-0.03888888888888886,0.1874999999999999,0.1513888888888889,0.03611111111111098,0.2222222222222222,0.2111111111111111,0.0111111111111111,True,True,True,True,True,True,True,True,True,True,0.005555555555555556,0.005555555555555556
0,1200,2005,ambiguous_assessed,clarify,edge__ambiguous_assessed__clarify,42,41,0.4277777777777778,0.45694444444444443,-0.02916666666666662,0.17222222222222217,0.19861111111111124,-0.026388888888889073,0.23472222222222222,0.20833333333333334,0.02638888888888888,True,True,True,True,True,True,True,True,True,True,0.001388888888888889,0.006944444444444444
0,1200,2006,ambiguous_assessed,clarify,edge__ambiguous_assessed__clarify,43,42,0.45555555555555555,0.48333333333333334,-0.02777777777777779,0.24027777777777776,0.23888888888888887,0.001388888888888884,0.3611111111111111,0.3541666666666667,0.00694444444444442,True,True,True,True,True,True,True,True,True,True,0.016666666666666666,0.016666666666666666
0,1200,2007,ambiguous_assessed,clarify,edge__ambiguous_assessed__clarify,43,42,0.5430555555555555,0.5625,-0.019444444444444486,0.13055555555555565,0.11527777777777781,0.015277777777777835,0.19722222222222224,0.20555555555555555,-0.008333333333333304,True,True,True,True,False,False,True,True,False,False,0.002777777777777778,0.004166666666666667
0,1200,2008,ambiguous_assessed,clarify,edge__ambiguous_assessed__clarify,43,42,0.5513888888888889,0.5652777777777778,-0.01388888888888884,0.12083333333333335,0.15694444444444444,-0.036111111111111094,0.22916666666666666,0.2388888888888889,-0.009722222222222243,True,True,True,True,False,True,True,True,False,True,0.004166666666666667,0.001388888888888889
0,1200,2009,ambiguous_assessed,clarify,edge__ambiguous_assessed__clarify,43,42,0.525,0.5513888888888888,-0.026388888888888795,0.14583333333333326,0.13611111111111118,0.009722222222222077,0.22916666666666669,0.225,0.00416666666666668,True,True,True,True,False,False,True,True,False,False,0.001388888888888889,0.001388888888888889
0,1200,2010,ambiguous_assessed,clarify,edge__ambiguous_assessed__clarify,44,43,0.5347222222222222,0.5513888888888889,-0.01666666666666672,0.1347222222222223,0.11805555555555547,0.01666666666666683,0.20416666666666666,0.20416666666666666,0.0,True,True,True,True,False,False,True,True,False,False,0.001388888888888889,0.004166666666666667
0,1200,2011,ambiguous_assessed,clarify,edge__ambiguous_assessed__clarify,44,43,0.4722222222222222,0.49722222222222223,-0.025000000000000022,0.17500000000000004,0.1444444444444445,0.030555555555555558,0.2513888888888889,0.25972222222222224,-0.00833333333333336,True,True,True,True,True,False,True,True,True,False,0.005555555555555556,0.004166666666666667
1,600,2000,ambiguous_assessed,clarify,edge__ambiguous_assessed__clarify,42,41,0.576388888888889,0.5986111111111112,-0.022222222222222254,0.06527777777777766,0.07222222222222208,-0.00694444444444442,0.09305555555555556,0.07916666666666666,0.013888888888888895,True,True,True,True,False,False,True,True,False,False,0.001388888888888889,0.0
1,600,2001,ambiguous_assessed,clarify,edge__ambiguous_assessed__clarify,43,42,0.5666666666666667,0.5597222222222222,0.00694444444444442,0.06666666666666665,0.09305555555555556,-0.026388888888888906,0.09305555555555556,0.10833333333333334,-0.015277777777777779,True,True,True,True,False,False,True,True,False,False,0.001388888888888889,0.004166666666666667
1,600,2002,ambiguous_assessed,clarify,edge__ambiguous_assessed__clarify,42,41,0.5430555555555555,0.5472222222222223,-0.004166666666666763,0.06527777777777777,0.07361111111111107,-0.008333333333333304,0.11527777777777777,0.1263888888888889,-0.011111111111111141,True,True,True,True,False,False,True,True,False,False,0.002777777777777778,0.002777777777777778
1,600,2003,ambiguous_assessed,clarify,edge__ambiguous_assessed__clarify,44,43,0.6041666666666667,0.6138888888888889,-0.009722222222222188,0.03888888888888886,0.0444444444444444,-0.005555555555555536,0.06805555555555556,0.07222222222222222,-0.004166666666666652,True,True,True,True,False,False,True,True,False,False,0.001388888888888889,0.0
1,600,2004,ambiguous_assessed,clarify,edge__ambiguous_assessed__clarify,43,42,0.5166666666666666,0.46111111111111114,0.05555555555555547,0.023611111111111138,0.07916666666666661,-0.05555555555555547,0.04722222222222223,0.058333333333333334,-0.011111111111111106,True,True,True,True,False,False,True,True,False,False,0.002777777777777778,0.002777777777777778
1,600,2005,ambiguous_assessed,clarify,edge__ambiguous_assessed__clarify,42,41,0.46111111111111114,0.475,-0.01388888888888884,0.06944444444444442,0.08472222222222225,-0.015277777777777835,0.051388888888888894,0.06666666666666667,-0.015277777777777772,True,True,True,True,False,False,True,True,False,False,0.002777777777777778,0.002777777777777778
1,600,2006,ambiguous_assessed,clarify,edge__ambiguous_assessed__clarify,43,42,0.6236111111111111,0.6125,0.011111111111111072,0.022222222222222143,0.047222222222222165,-0.025000000000000022,0.07083333333333333,0.08472222222222223,-0.013888888888888895,True,True,True,True,False,False,True,True,False,False,0.0,0.0
1,600,2007,ambiguous_assessed,clarify,edge__ambiguous_assessed__clarify,43,42,0.7388888888888889,0.7305555555555555,0.008333333333333415,0.016666666666666607,0.04166666666666674,-0.025000000000000133,0.059722222222222225,0.07222222222222223,-0.012500000000000004,True,True,True,True,False,False,True,True,False,False,0.002777777777777778,0.001388888888888889
1,600,2008,ambiguous_assessed,clarify,edge__ambiguous_assessed__clarify,43,42,0.6513888888888889,0.6680555555555556,-0.01666666666666672,0.012499999999999956,0.047222222222222165,-0.03472222222222221,0.07222222222222223,0.07083333333333333,0.0013888888888888978,True,True,True,True,False,False,True,True,False,False,0.001388888888888889,0.0
1,600,2009,ambiguous_assessed,clarify,edge__ambiguous_assessed__clarify,43,42,0.5944444444444444,0.6027777777777777,-0.008333333333333304,0.04861111111111105,0.06111111111111123,-0.012500000000000178,0.05972222222222222,0.059722222222222225,-6.938893903907228e-18,True,True,True,True,False,False,True,True,False,False,0.001388888888888889,0.002777777777777778
1,600,2010,ambiguous_assessed,clarify,edge__ambiguous_assessed__clarify,44,43,0.5930555555555556,0.6,-0.00694444444444442,0.05277777777777781,0.05972222222222223,-0.00694444444444442,0.0625,0.06388888888888888,-0.001388888888888884,True,True,True,True,False,False,True,True,False,False,0.0,0.0
1,600,2011,ambiguous_assessed,clarify,edge__ambiguous_assessed__clarify,44,43,0.42777777777777776,0.4638888888888889,-0.03611111111111115,0.0847222222222222,0.0805555555555556,0.004166666666666596,0.08611111111111111,0.06527777777777778,0.02083333333333333,True,True,True,True,False,False,True,True,False,False,0.001388888888888889,0.001388888888888889
1,1200,2000,ambiguous_assessed,clarify,edge__ambiguous_assessed__clarify,42,41,0.5930555555555554,0.6125,-0.019444444444444597,0.050000000000000044,0.02499999999999991,0.025000000000000133,0.09444444444444444,0.07638888888888888,0.01805555555555556,True,True,True,True,False,False,True,True,False,False,0.004166666666666667,0.002777777777777778
1,1200,2001,ambiguous_assessed,clarify,edge__ambiguous_assessed__clarify,43,42,0.5708333333333333,0.5805555555555556,-0.009722222222222299,0.05277777777777781,0.029166666666666674,0.023611111111111138,0.08055555555555556,0.07777777777777778,0.002777777777777782,True,True,True,True,False,False,True,True,False,False,0.001388888888888889,0.002777777777777778
1,1200,2002,ambiguous_assessed,clarify,edge__ambiguous_assessed__clarify,42,41,0.5402777777777777,0.5486111111111112,-0.008333333333333415,0.06527777777777777,0.0444444444444444,0.02083333333333337,0.10972222222222222,0.10972222222222222,0.0,True,True,True,True,False,False,True,True,False,False,0.002777777777777778,0.002777777777777778
1,1200,2003,ambiguous_assessed,clarify,edge__ambiguous_assessed__clarify,44,43,0.5958333333333333,0.6069444444444445,-0.011111111111111183,0.033333333333333326,0.023611111111111027,0.009722222222222299,0.06527777777777778,0.06805555555555555,-0.002777777777777768,True,True,True,True,False,False,True,True,False,False,0.004166666666666667,0.002777777777777778
1,1200,2004,ambiguous_assessed,clarify,edge__ambiguous_assessed__clarify,43,42,0.5069444444444444,0.475,0.03194444444444444,0.03888888888888897,0.07361111111111118,-0.03472222222222221,0.05555555555555555,0.059722222222222225,-0.004166666666666673,True,True,True,True,False,False,True,True,False,False,0.001388888888888889,0.0
1,1200,2005,ambiguous_assessed,clarify,edge__ambiguous_assessed__clarify,42,41,0.4416666666666667,0.4652777777777778,-0.023611111111111083,0.05833333333333329,0.05138888888888882,0.006944444444444475,0.07361111111111111,0.06805555555555555,0.005555555555555564,True,True,True,True,False,False,True,True,False,False,0.001388888888888889,0.002777777777777778
1,1200,2006,ambiguous_assessed,clarify,edge__ambiguous_assessed__clarify,43,42,0.5847222222222221,0.6055555555555556,-0.02083333333333348,0.04444444444444451,0.030555555555555558,0.01388888888888895,0.07638888888888888,0.08472222222222223,-0.008333333333333345,True,True,True,True,False,False,True,True,False,False,0.002777777777777778,0.004166666666666667
1,1200,2007,ambiguous_assessed,clarify,edge__ambiguous_assessed__clarify,43,42,0.725,0.7374999999999999,-0.012499999999999956,0.023611111111111138,0.03472222222222221,-0.011111111111111072,0.06249999999999999,0.06527777777777778,-0.0027777777777777887,True,True,True,True,False,False,True,True,False,False,0.001388888888888889,0.0
1,1200,2008,ambiguous_assessed,clarify,edge__ambiguous_assessed__clarify,43,42,0.648611111111111,0.6527777777777777,-0.004166666666666652,-0.01388888888888884,0.03888888888888897,-0.05277777777777781,0.08055555555555556,0.07222222222222222,0.008333333333333345,True,True,True,True,False,False,True,True,False,False,0.004166666666666667,0.002777777777777778
1,1200,2009,ambiguous_assessed,clarify,edge__ambiguous_assessed__clarify,43,42,0.5819444444444445,0.5902777777777778,-0.008333333333333304,0.05833333333333335,0.03472222222222221,0.023611111111111138,0.06527777777777778,0.06805555555555555,-0.002777777777777768,True,True,True,True,False,False,True,True,False,False,0.001388888888888889,0.002777777777777778
1,1200,2010,ambiguous_assessed,clarify,edge__ambiguous_assessed__clarify,44,43,0.5763888888888888,0.5833333333333334,-0.006944444444444531,0.06666666666666676,0.04166666666666663,0.025000000000000133,0.06666666666666667,0.07361111111111111,-0.0069444444444444475,True,True,True,True,False,False,True,True,False,False,0.002777777777777778,0.001388888888888889
1,1200,2011,ambiguous_assessed,clarify,edge__ambiguous_assessed__clarify,44,43,0.4013888888888889,0.4388888888888889,-0.03749999999999998,0.07499999999999996,0.06666666666666665,0.008333333333333304,0.09444444444444444,0.07916666666666666,0.015277777777777779,True,True,True,True,False,False,True,True,False,False,0.002777777777777778,0.0
2,600,2000,ambiguous_assessed,clarify,edge__ambiguous_assessed__clarify,42,41,0.4,0.4138888888888889,-0.013888888888888895,0.061111111111111116,0.06111111111111106,5.551115123125783e-17,0.09166666666666667,0.09305555555555556,-0.001388888888888884,True,True,True,True,False,False,True,True,False,False,0.001388888888888889,0.001388888888888889
2,600,2001,ambiguous_assessed,clarify,edge__ambiguous_assessed__clarify,43,42,0.37916666666666665,0.4,-0.02083333333333337,0.07222222222222224,0.07638888888888884,-0.004166666666666596,0.10277777777777777,0.09027777777777778,0.012499999999999997,True,True,True,True,False,False,True,True,False,False,0.0,0.0
2,600,2002,ambiguous_assessed,clarify,edge__ambiguous_assessed__clarify,42,41,0.37916666666666665,0.4,-0.02083333333333337,0.07222222222222224,0.07638888888888884,-0.004166666666666596,0.10277777777777777,0.09027777777777778,0.012499999999999997,True,True,True,True,False,False,True,True,False,False,0.0,0.0
2,600,2003,ambiguous_assessed,clarify,edge__ambiguous_assessed__clarify,44,43,0.375,0.4,-0.025000000000000022,0.07222222222222224,0.07361111111111113,-0.001388888888888884,0.10833333333333334,0.09027777777777778,0.01805555555555556,True,True,True,True,False,False,True,True,False,False,0.0,0.0
2,600,2004,ambiguous_assessed,clarify,edge__ambiguous_assessed__clarify,43,42,0.35555555555555557,0.38472222222222224,-0.029166666666666674,0.0847222222222222,0.062499999999999944,0.022222222222222254,0.08055555555555556,0.07083333333333333,0.00972222222222223,True,True,True,True,False,False,True,True,False,False,0.0,0.0
2,600,2005,ambiguous_assessed,clarify,edge__ambiguous_assessed__clarify,42,41,0.43472222222222223,0.45,-0.015277777777777779,0.07222222222222219,0.05972222222222218,0.012500000000000011,0.1388888888888889,0.1388888888888889,0.0,True,True,True,True,False,False,True,True,False,False,0.001388888888888889,0.0
2,600,2006,ambiguous_assessed,clarify,edge__ambiguous_assessed__clarify,43,42,0.3402777777777778,0.3472222222222222,-0.00694444444444442,0.0444444444444444,0.08611111111111114,-0.04166666666666674,0.12222222222222222,0.11666666666666667,0.00555555555555555,True,True,True,True,False,False,True,True,False,False,0.002777777777777778,0.0
2,600,2007,ambiguous_assessed,clarify,edge__ambiguous_assessed__clarify,43,42,0.31805555555555554,0.3333333333333333,-0.015277777777777779,0.06666666666666671,0.0888888888888889,-0.0222222222222222,0.15000000000000002,0.14027777777777778,0.009722222222222243,True,True,True,True,False,False,True,True,False,False,0.002777777777777778,0.0
2,600,2008,ambiguous_assessed,clarify,edge__ambiguous_assessed__clarify,43,42,0.4097222222222222,0.41944444444444445,-0.009722222222222243,0.04999999999999999,0.09166666666666662,-0.04166666666666663,0.10277777777777779,0.10138888888888889,0.0013888888888888978,True,True,True,True,False,False,True,True,False,False,0.001388888888888889,0.0
2,600,2009,ambiguous_assessed,clarify,edge__ambiguous_assessed__clarify,43,42,0.37916666666666665,0.4,-0.02083333333333337,0.06944444444444448,0.07499999999999996,-0.00555555555555548,0.10277777777777777,0.09027777777777778,0.012499999999999997,True,True,True,True,False,False,True,True,False,False,0.0,0.0
2,600,2010,ambiguous_assessed,clarify,edge__ambiguous_assessed__clarify,44,43,0.37916666666666665,0.4,-0.02083333333333337,0.06944444444444448,0.07499999999999996,-0.00555555555555548,0.10277777777777777,0.09027777777777778,0.012499999999999997,True,True,True,True,False,False,True,True,False,False,0.0,0.0
2,600,2011,ambiguous_assessed,clarify,edge__ambiguous_assessed__clarify,44,43,0.44166666666666665,0.4652777777777778,-0.023611111111111138,0.07361111111111107,0.047222222222222165,0.026388888888888906,0.14027777777777778,0.13472222222222222,0.005555555555555564,True,True,True,True,False,False,True,True,False,False,0.002777777777777778,0.001388888888888889
2,1200,2000,ambiguous_assessed,clarify,edge__ambiguous_assessed__clarify,42,41,0.3763888888888889,0.38055555555555554,-0.004166666666666652,0.08333333333333337,0.09583333333333333,-0.012499999999999956,0.14305555555555555,0.13055555555555556,0.012499999999999983,True,True,True,True,False,False,True,True,False,False,0.001388888888888889,0.001388888888888889
2,1200,2001,ambiguous_assessed,clarify,edge__ambiguous_assessed__clarify,43,42,0.3736111111111111,0.3763888888888889,-0.002777777777777768,0.07916666666666666,0.0986111111111111,-0.01944444444444443,0.11111111111111112,0.09305555555555556,0.01805555555555556,True,True,True,True,False,False,True,True,False,False,0.001388888888888889,0.001388888888888889
2,1200,2002,ambiguous_assessed,clarify,edge__ambiguous_assessed__clarify,42,41,0.3736111111111111,0.3763888888888889,-0.002777777777777768,0.07916666666666666,0.0986111111111111,-0.01944444444444443,0.11111111111111112,0.09305555555555556,0.01805555555555556,True,True,True,True,False,False,True,True,False,False,0.001388888888888889,0.001388888888888889
2,1200,2003,ambiguous_assessed,clarify,edge__ambiguous_assessed__clarify,44,43,0.37222222222222223,0.37777777777777777,-0.005555555555555536,0.07916666666666666,0.09305555555555561,-0.01388888888888895,0.11944444444444445,0.09861111111111112,0.02083333333333333,True,True,True,True,False,False,True,True,False,False,0.001388888888888889,0.001388888888888889
2,1200,2004,ambiguous_assessed,clarify,edge__ambiguous_assessed__clarify,43,42,0.3263888888888889,0.3333333333333333,-0.00694444444444442,0.11944444444444446,0.10416666666666669,0.015277777777777779,0.09027777777777778,0.08194444444444444,0.008333333333333331,True,True,True,True,False,False,True,True,False,False,0.001388888888888889,0.001388888888888889
2,1200,2005,ambiguous_assessed,clarify,edge__ambiguous_assessed__clarify,42,41,0.4472222222222222,0.46388888888888885,-0.016666666666666663,0.054166666666666696,0.06250000000000006,-0.00833333333333336,0.15416666666666667,0.14722222222222223,0.0069444444444444475,True,True,True,True,False,False,True,True,False,False,0.001388888888888889,0.002777777777777778
2,1200,2006,ambiguous_assessed,clarify,edge__ambiguous_assessed__clarify,43,42,0.3111111111111111,0.3388888888888889,-0.02777777777777779,0.08333333333333331,0.09027777777777773,-0.00694444444444442,0.1486111111111111,0.13194444444444445,0.016666666666666663,True,True,True,True,False,False,True,True,False,False,0.002777777777777778,0.002777777777777778
2,1200,2007,ambiguous_assessed,clarify,edge__ambiguous_assessed__clarify,43,42,0.3125,0.33194444444444443,-0.01944444444444443,0.09583333333333333,0.10416666666666669,-0.00833333333333336,0.16111111111111112,0.14444444444444446,0.016666666666666663,True,True,True,True,False,False,True,True,False,False,0.001388888888888889,0.001388888888888889
2,1200,2008,ambiguous_assessed,clarify,edge__ambiguous_assessed__clarify,43,42,0.39999999999999997,0.41666666666666663,-0.016666666666666663,0.054166666666666696,0.09305555555555556,-0.03888888888888886,0.11666666666666667,0.1125,0.004166666666666666,True,True,True,True,False,False,True,True,False,False,0.002777777777777778,0.001388888888888889
2,1200,2009,ambiguous_assessed,clarify,edge__ambiguous_assessed__clarify,43,42,0.3763888888888889,0.37777777777777777,-0.001388888888888884,0.0763888888888889,0.09722222222222221,-0.020833333333333315,0.1138888888888889,0.09583333333333334,0.01805555555555556,True,True,True,True,False,False,True,True,False,False,0.001388888888888889,0.001388888888888889
2,1200,2010,ambiguous_assessed,clarify,edge__ambiguous_assessed__clarify,44,43,0.375,0.37777777777777777,-0.002777777777777768,0.07777777777777778,0.09722222222222221,-0.01944444444444443,0.10972222222222222,0.09166666666666667,0.018055555555555547,True,True,True,True,False,False,True,True,False,False,0.001388888888888889,0.001388888888888889
2,1200,2011,ambiguous_assessed,clarify,edge__ambiguous_assessed__clarify,44,43,0.45694444444444443,0.475,-0.018055555555555547,0.06111111111111117,0.054166666666666696,0.006944444444444475,0.14305555555555555,0.15,-0.0069444444444444475,True,True,True,True,False,False,True,True,False,False,0.001388888888888889,0.001388888888888889
0,600,2000,benign_assessed,clarify,edge__benign_assessed__clarify,42,41,0.5694444444444444,0.5819444444444444,-0.012499999999999956,0.1597222222222222,0.10555555555555562,0.054166666666666585,0.24444444444444444,0.23888888888888887,0.005555555555555564,True,True,True,True,True,False,True,True,True,False,0.001388888888888889,0.006944444444444444
0,600,2001,benign_assessed,clarify,edge__benign_assessed__clarify,43,42,0.48333333333333334,0.48333333333333334,0.0,0.14861111111111108,0.1291666666666667,0.019444444444444375,0.2513888888888889,0.2694444444444445,-0.018055555555555602,True,True,True,True,False,False,True,True,False,False,0.005555555555555556,0.005555555555555556
0,600,2002,benign_assessed,clarify,edge__benign_assessed__clarify,42,41,0.45416666666666666,0.4638888888888889,-0.009722222222222243,0.17083333333333334,0.14027777777777772,0.030555555555555614,0.27361111111111114,0.2888888888888889,-0.015277777777777779,True,True,True,True,True,False,True,True,True,False,0.006944444444444444,0.005555555555555556
0,600,2003,benign_assessed,clarify,edge__benign_assessed__clarify,44,43,0.5388888888888889,0.5444444444444445,-0.005555555555555647,0.11805555555555547,0.08194444444444438,0.036111111111111094,0.21666666666666665,0.22916666666666666,-0.012500000000000011,True,True,True,True,False,False,True,True,False,False,0.005555555555555556,0.005555555555555556
0,600,2004,benign_assessed,clarify,edge__benign_assessed__clarify,43,42,0.4583333333333333,0.4847222222222222,-0.026388888888888906,0.1916666666666667,0.12222222222222218,0.06944444444444453,0.225,0.23472222222222222,-0.009722222222222215,True,True,True,True,True,False,True,True,True,False,0.011111111111111112,0.005555555555555556
0,600,2005,benign_assessed,clarify,edge__benign_assessed__clarify,42,41,0.4305555555555556,0.4444444444444444,-0.01388888888888884,0.18611111111111112,0.16666666666666663,0.019444444444444486,0.21805555555555553,0.25277777777777777,-0.03472222222222224,True,True,True,True,True,True,True,True,True,True,0.004166666666666667,0.004166666666666667
0,600,2006,benign_assessed,clarify,edge__benign_assessed__clarify,43,42,0.45972222222222225,0.46805555555555556,-0.008333333333333304,0.24305555555555547,0.25277777777777777,-0.009722222222222299,0.34305555555555556,0.3416666666666667,0.001388888888888884,True,True,True,True,True,True,True,True,True,True,0.019444444444444445,0.018055555555555554
0,600,2007,benign_assessed,clarify,edge__benign_assessed__clarify,43,42,0.5388888888888889,0.5333333333333333,0.005555555555555536,0.11805555555555558,0.10277777777777775,0.015277777777777835,0.2125,0.2333333333333333,-0.020833333333333315,True,True,True,True,False,False,True,True,False,False,0.006944444444444444,0.004166666666666667
0,600,2008,benign_assessed,clarify,edge__benign_assessed__clarify,43,42,0.5513888888888889,0.5402777777777777,0.011111111111111183,0.11944444444444446,0.10000000000000009,0.019444444444444375,0.20972222222222223,0.21250000000000002,-0.0027777777777777957,True,True,True,True,False,False,True,True,False,False,0.001388888888888889,0.002777777777777778
0,600,2009,benign_assessed,clarify,edge__benign_assessed__clarify,43,42,0.5375,0.5388888888888889,-0.001388888888888884,0.126388888888889,0.09027777777777779,0.036111111111111205,0.2125,0.22916666666666666,-0.016666666666666663,True,True,True,True,False,False,True,True,False,False,0.006944444444444444,0.008333333333333333
0,600,2010,benign_assessed,clarify,edge__benign_assessed__clarify,44,43,0.5291666666666667,0.5375000000000001,-0.008333333333333415,0.11805555555555558,0.08611111111111103,0.03194444444444455,0.21944444444444444,0.2277777777777778,-0.00833333333333336,True,True,True,True,False,False,True,True,False,False,0.006944444444444444,0.002777777777777778
0,600,2011,benign_assessed,clarify,edge__benign_assessed__clarify,44,43,0.4708333333333333,0.4736111111111111,-0.002777777777777768,0.15694444444444444,0.12638888888888888,0.030555555555555558,0.25972222222222224,0.26805555555555555,-0.008333333333333304,True,True,True,True,True,False,True,True,True,False,0.006944444444444444,0.008333333333333333
0,1200,2000,benign_assessed,clarify,edge__benign_assessed__clarify,42,41,0.5666666666666667,0.5861111111111111,-0.019444444444444486,0.14583333333333337,0.10416666666666663,0.04166666666666674,0.2361111111111111,0.24444444444444444,-0.008333333333333331,True,True,True,True,False,False,True,True,False,False,0.004166666666666667,0.004166666666666667
0,1200,2001,benign_assessed,clarify,edge__benign_assessed__clarify,43,42,0.4625,0.48055555555555557,-0.018055555555555547,0.15833333333333333,0.14861111111111108,0.009722222222222243,0.25833333333333336,0.27222222222222225,-0.013888888888888895,True,True,True,True,True,False,True,True,True,False,0.006944444444444444,0.002777777777777778
0,1200,2002,benign_assessed,clarify,edge__benign_assessed__clarify,42,41,0.43472222222222223,0.4625,-0.02777777777777779,0.1791666666666667,0.1527777777777778,0.026388888888888906,0.28055555555555556,0.2888888888888889,-0.00833333333333336,True,True,True,True,True,True,True,True,True,True,0.006944444444444444,0.002777777777777778
0,1200,2003,benign_assessed,clarify,edge__benign_assessed__clarify,44,43,0.5333333333333333,0.5444444444444444,-0.011111111111111072,0.1333333333333333,0.09027777777777779,0.043055555555555514,0.2111111111111111,0.21944444444444444,-0.008333333333333331,True,True,True,True,False,False,True,True,False,False,0.006944444444444444,0.006944444444444444
0,1200,2004,benign_assessed,clarify,edge__benign_assessed__clarify,43,42,0.4652777777777778,0.49027777777777776,-0.024999999999999967,0.1874999999999999,0.13472222222222224,0.052777777777777646,0.2222222222222222,0.23055555555555554,-0.008333333333333331,True,True,True,True,True,False,True,True,True,False,0.005555555555555556,0.005555555555555556
0,1200,2005,benign_assessed,clarify,edge__benign_assessed__clarify,42,41,0.4277777777777778,0.44722222222222224,-0.01944444444444443,0.17222222222222217,0.14583333333333331,0.02638888888888885,0.23472222222222222,0.2472222222222222,-0.012499999999999983,True,True,True,True,True,False,True,True,True,False,0.001388888888888889,0.005555555555555556
0,1200,2006,benign_assessed,clarify,edge__benign_assessed__clarify,43,42,0.45555555555555555,0.4541666666666667,0.0013888888888888284,0.24027777777777776,0.22499999999999987,0.01527777777777789,0.3611111111111111,0.35833333333333334,0.002777777777777768,True,True,True,True,True,True,True,True,True,True,0.016666666666666666,0.020833333333333332
0,1200,2007,benign_assessed,clarify,edge__benign_assessed__clarify,43,42,0.5430555555555555,0.5458333333333333,-0.002777777777777768,0.13055555555555565,0.09166666666666679,0.03888888888888886,0.19722222222222224,0.22083333333333333,-0.023611111111111083,True,True,True,True,False,False,True,True,False,False,0.002777777777777778,0.006944444444444444
0,1200,2008,benign_assessed,clarify,edge__benign_assessed__clarify,43,42,0.5361111111111111,0.5416666666666666,-0.005555555555555536,0.13750000000000007,0.11388888888888893,0.023611111111111138,0.2263888888888889,0.2111111111111111,0.015277777777777779,True,True,True,True,False,False,True,True,False,False,0.001388888888888889,0.004166666666666667
0,1200,2009,benign_assessed,clarify,edge__benign_assessed__clarify,43,42,0.525,0.5416666666666666,-0.016666666666666607,0.14583333333333326,0.10555555555555551,0.040277777777777746,0.22916666666666669,0.23333333333333334,-0.004166666666666652,True,True,True,True,False,False,True,True,False,False,0.001388888888888889,0.001388888888888889
0,1200,2010,benign_assessed,clarify,edge__benign_assessed__clarify,44,43,0.5347222222222222,0.5486111111111112,-0.01388888888888895,0.1347222222222223,0.08194444444444438,0.05277777777777792,0.20416666666666666,0.20694444444444443,-0.002777777777777768,True,True,True,True,False,False,True,True,False,False,0.001388888888888889,0.004166666666666667
0,1200,2011,benign_assessed,clarify,edge__benign_assessed__clarify,44,43,0.4722222222222222,0.475,-0.002777777777777768,0.17500000000000004,0.1347222222222223,0.040277777777777746,0.2513888888888889,0.2791666666666667,-0.02777777777777779,True,True,True,True,True,False,True,True,True,False,0.005555555555555556,0.006944444444444444
1,600,2000,benign_assessed,clarify,edge__benign_assessed__clarify,42,41,0.6583333333333333,0.6611111111111111,-0.002777777777777768,0.022222222222222254,0.03888888888888897,-0.01666666666666672,0.1,0.09305555555555556,0.0069444444444444475,True,True,True,True,False,False,True,True,False,False,0.0,0.001388888888888889
1,600,2001,benign_assessed,clarify,edge__benign_assessed__clarify,43,42,0.5666666666666667,0.5694444444444444,-0.002777777777777768,0.06666666666666665,0.05833333333333335,0.008333333333333304,0.09305555555555556,0.10277777777777779,-0.00972222222222223,True,True,True,True,False,False,True,True,False,False,0.001388888888888889,0.001388888888888889
1,600,2002,benign_assessed,clarify,edge__benign_assessed__clarify,42,41,0.5430555555555555,0.5472222222222223,-0.004166666666666763,0.06527777777777777,0.04861111111111105,0.01666666666666672,0.11527777777777777,0.1236111111111111,-0.008333333333333331,True,True,True,True,False,False,True,True,False,False,0.002777777777777778,0.004166666666666667
1,600,2003,benign_assessed,clarify,edge__benign_assessed__clarify,44,43,0.6041666666666667,0.6180555555555556,-0.01388888888888884,0.03888888888888886,0.040277777777777746,-0.001388888888888884,0.06805555555555556,0.0625,0.005555555555555564,True,True,True,True,False,False,True,True,False,False,0.001388888888888889,0.004166666666666667
1,600,2004,benign_assessed,clarify,edge__benign_assessed__clarify,43,42,0.5166666666666666,0.525,-0.008333333333333415,0.023611111111111138,0.043055555555555514,-0.019444444444444375,0.04722222222222223,0.058333333333333334,-0.011111111111111106,True,True,True,True,False,False,True,True,False,False,0.002777777777777778,0.001388888888888889
1,600,2005,benign_assessed,clarify,edge__benign_assessed__clarify,42,41,0.46111111111111114,0.45555555555555555,0.005555555555555591,0.06944444444444442,0.06388888888888883,0.005555555555555591,0.051388888888888894,0.05555555555555556,-0.004166666666666666,True,True,True,True,False,False,True,True,False,False,0.002777777777777778,0.004166666666666667
1,600,2006,benign_assessed,clarify,edge__benign_assessed__clarify,43,42,0.6236111111111111,0.6097222222222223,0.01388888888888884,0.022222222222222143,0.030555555555555558,-0.008333333333333415,0.07083333333333333,0.07361111111111111,-0.002777777777777782,True,True,True,True,False,False,True,True,False,False,0.0,0.004166666666666667
1,600,2007,benign_assessed,clarify,edge__benign_assessed__clarify,43,42,0.7388888888888889,0.7069444444444444,0.03194444444444455,0.016666666666666607,0.03750000000000009,-0.02083333333333348,0.059722222222222225,0.06111111111111111,-0.001388888888888884,True,True,True,True,False,False,True,True,False,False,0.002777777777777778,0.005555555555555556
1,600,2008,benign_assessed,clarify,edge__benign_assessed__clarify,43,42,0.5875,0.5958333333333334,-0.008333333333333415,0.06944444444444442,0.07499999999999996,-0.005555555555555536,0.0763888888888889,0.075,0.0013888888888888978,True,True,True,True,False,False,True,True,False,False,0.0,0.002777777777777778
1,600,2009,benign_assessed,clarify,edge__benign_assessed__clarify,43,42,0.5944444444444444,0.6055555555555555,-0.011111111111111072,0.04861111111111105,0.04583333333333339,0.002777777777777657,0.05972222222222222,0.06805555555555556,-0.008333333333333345,True,True,True,True,False,False,True,True,False,False,0.001388888888888889,0.001388888888888889
1,600,2010,benign_assessed,clarify,edge__benign_assessed__clarify,44,43,0.5930555555555556,0.6027777777777777,-0.009722222222222188,0.05277777777777781,0.050000000000000044,0.002777777777777768,0.0625,0.06666666666666667,-0.004166666666666666,True,True,True,True,False,False,True,True,False,False,0.0,0.001388888888888889
1,600,2011,benign_assessed,clarify,edge__benign_assessed__clarify,44,43,0.42777777777777776,0.4361111111111111,-0.00833333333333336,0.0847222222222222,0.04999999999999999,0.03472222222222221,0.08611111111111111,0.06666666666666667,0.019444444444444445,True,True,True,True,False,False,True,True,False,False,0.001388888888888889,0.002777777777777778
1,1200,2000,benign_assessed,clarify,edge__benign_assessed__clarify,42,41,0.6652777777777779,0.6597222222222222,0.005555555555555647,0.002777777777777657,0.03888888888888886,-0.036111111111111205,0.09444444444444444,0.08888888888888888,0.005555555555555564,True,True,True,True,False,False,True,True,False,False,0.002777777777777778,0.002777777777777778
1,1200,2001,benign_assessed,clarify,edge__benign_assessed__clarify,43,42,0.5708333333333333,0.5611111111111111,0.009722222222222188,0.05277777777777781,0.06388888888888888,-0.011111111111111072,0.08055555555555556,0.08888888888888889,-0.008333333333333331,True,True,True,True,False,False,True,True,False,False,0.001388888888888889,0.001388888888888889
1,1200,2002,benign_assessed,clarify,edge__benign_assessed__clarify,42,41,0.5402777777777777,0.5388888888888889,0.001388888888888884,0.06527777777777777,0.03888888888888886,0.026388888888888906,0.10972222222222222,0.10972222222222223,-1.3877787807814457e-17,True,True,True,True,False,False,True,True,False,False,0.002777777777777778,0.005555555555555556
1,1200,2003,benign_assessed,clarify,edge__benign_assessed__clarify,44,43,0.5958333333333333,0.6000000000000001,-0.004166666666666763,0.033333333333333326,0.05833333333333335,-0.025000000000000022,0.06527777777777778,0.07916666666666668,-0.013888888888888895,True,True,True,True,False,False,True,True,False,False,0.004166666666666667,0.001388888888888889
1,1200,2004,benign_assessed,clarify,edge__benign_assessed__clarify,43,42,0.5069444444444444,0.5333333333333333,-0.026388888888888906,0.03888888888888897,0.01388888888888895,0.025000000000000022,0.05555555555555555,0.06666666666666667,-0.011111111111111113,True,True,True,True,False,False,True,True,False,False,0.001388888888888889,0.001388888888888889
1,1200,2005,benign_assessed,clarify,edge__benign_assessed__clarify,42,41,0.4416666666666667,0.44305555555555554,-0.0013888888888888284,0.05833333333333329,0.03888888888888892,0.019444444444444375,0.07361111111111111,0.061111111111111116,0.012499999999999997,True,True,True,True,False,False,True,True,False,False,0.001388888888888889,0.004166666666666667
1,1200,2006,benign_assessed,clarify,edge__benign_assessed__clarify,43,42,0.5847222222222221,0.6124999999999999,-0.02777777777777779,0.04444444444444451,0.033333333333333326,0.011111111111111183,0.07638888888888888,0.08611111111111111,-0.00972222222222223,True,True,True,True,False,False,True,True,False,False,0.002777777777777778,0.001388888888888889
1,1200,2007,benign_assessed,clarify,edge__benign_assessed__clarify,43,42,0.725,0.7138888888888888,0.011111111111111183,0.023611111111111138,0.03194444444444455,-0.008333333333333415,0.06249999999999999,0.058333333333333334,0.004166666666666659,True,True,True,True,False,False,True,True,False,False,0.001388888888888889,0.0
1,1200,2008,benign_assessed,clarify,edge__benign_assessed__clarify,43,42,0.575,0.5930555555555556,-0.018055555555555602,0.04444444444444451,0.05694444444444435,-0.012499999999999845,0.07916666666666666,0.08055555555555555,-0.001388888888888884,True,True,True,True,False,False,True,True,False,False,0.002777777777777778,0.002777777777777778
1,1200,2009,benign_assessed,clarify,edge__benign_assessed__clarify,43,42,0.5819444444444445,0.5916666666666667,-0.009722222222222188,0.05833333333333335,0.05138888888888893,0.00694444444444442,0.06527777777777778,0.06666666666666667,-0.001388888888888884,True,True,True,True,False,False,True,True,False,False,0.001388888888888889,0.001388888888888889
1,1200,2010,benign_assessed,clarify,edge__benign_assessed__clarify,44,43,0.5763888888888888,0.5847222222222223,-0.008333333333333415,0.06666666666666676,0.0527777777777777,0.013888888888889062,0.06666666666666667,0.07361111111111111,-0.0069444444444444475,True,True,True,True,False,False,True,True,False,False,0.002777777777777778,0.0
1,1200,2011,benign_assessed,clarify,edge__benign_assessed__clarify,44,43,0.4013888888888889,0.4263888888888889,-0.024999999999999967,0.07499999999999996,0.05277777777777776,0.0222222222222222,0.09444444444444444,0.07222222222222222,0.022222222222222227,True,True,True,True,False,False,True,True,False,False,0.002777777777777778,0.002777777777777778
2,600,2000,benign_assessed,clarify,edge__benign_assessed__clarify,42,41,0.4180555555555555,0.4236111111111111,-0.005555555555555591,0.04444444444444445,0.03750000000000003,0.00694444444444442,0.10555555555555556,0.10138888888888889,0.004166666666666666,True,True,True,True,False,False,True,True,False,False,0.002777777777777778,0.002777777777777778
2,600,2001,benign_assessed,clarify,edge__benign_assessed__clarify,43,42,0.37916666666666665,0.38333333333333336,-0.004166666666666707,0.07222222222222224,0.06944444444444442,0.0027777777777778234,0.10277777777777777,0.09722222222222222,0.00555555555555555,True,True,True,True,False,False,True,True,False,False,0.0,0.0
2,600,2002,benign_assessed,clarify,edge__benign_assessed__clarify,42,41,0.37916666666666665,0.38333333333333336,-0.004166666666666707,0.07222222222222224,0.06805555555555554,0.004166666666666707,0.10277777777777777,0.09722222222222222,0.00555555555555555,True,True,True,True,False,False,True,True,False,False,0.0,0.0
2,600,2003,benign_assessed,clarify,edge__benign_assessed__clarify,44,43,0.375,0.38472222222222224,-0.009722222222222243,0.07222222222222224,0.06805555555555554,0.004166666666666707,0.10833333333333334,0.10277777777777777,0.005555555555555564,True,True,True,True,False,False,True,True,False,False,0.0,0.0
2,600,2004,benign_assessed,clarify,edge__benign_assessed__clarify,43,42,0.35555555555555557,0.35833333333333334,-0.002777777777777768,0.0847222222222222,0.07361111111111113,0.011111111111111072,0.08055555555555556,0.08611111111111111,-0.00555555555555555,True,True,True,True,False,False,True,True,False,False,0.0,0.0
2,600,2005,benign_assessed,clarify,edge__benign_assessed__clarify,42,41,0.43472222222222223,0.4513888888888889,-0.016666666666666663,0.07222222222222219,0.04583333333333334,0.02638888888888885,0.1388888888888889,0.1263888888888889,0.012499999999999983,True,True,True,True,False,False,True,True,False,False,0.001388888888888889,0.002777777777777778
2,600,2006,benign_assessed,clarify,edge__benign_assessed__clarify,43,42,0.3402777777777778,0.33194444444444443,0.00833333333333336,0.0444444444444444,0.06805555555555559,-0.023611111111111194,0.12222222222222222,0.125,-0.002777777777777782,True,True,True,True,False,False,True,True,False,False,0.002777777777777778,0.001388888888888889
2,600,2007,benign_assessed,clarify,edge__benign_assessed__clarify,43,42,0.31805555555555554,0.3138888888888889,0.004166666666666652,0.06666666666666671,0.07777777777777778,-0.011111111111111072,0.15000000000000002,0.14722222222222223,0.0027777777777777957,True,True,True,True,False,False,True,True,False,False,0.002777777777777778,0.001388888888888889
2,600,2008,benign_assessed,clarify,edge__benign_assessed__clarify,43,42,0.4,0.3972222222222222,0.0027777777777778234,0.07499999999999996,0.07083333333333336,0.004166666666666596,0.09027777777777778,0.08888888888888889,0.001388888888888884,True,True,True,True,False,False,True,True,False,False,0.0,0.0
2,600,2009,benign_assessed,clarify,edge__benign_assessed__clarify,43,42,0.37916666666666665,0.38333333333333336,-0.004166666666666707,0.06944444444444448,0.0708333333333333,-0.0013888888888888284,0.10277777777777777,0.09722222222222222,0.00555555555555555,True,True,True,True,False,False,True,True,False,False,0.0,0.0
2,600,2010,benign_assessed,clarify,edge__benign_assessed__clarify,44,43,0.37916666666666665,0.38333333333333336,-0.004166666666666707,0.06944444444444448,0.0708333333333333,-0.0013888888888888284,0.10277777777777777,0.09722222222222222,0.00555555555555555,True,True,True,True,False,False,True,True,False,False,0.0,0.0
2,600,2011,benign_assessed,clarify,edge__benign_assessed__clarify,44,43,0.44166666666666665,0.4527777777777778,-0.011111111111111127,0.07361111111111107,0.06944444444444448,0.004166666666666596,0.14027777777777778,0.1236111111111111,0.016666666666666677,True,True,True,True,False,False,True,True,False,False,0.002777777777777778,0.002777777777777778
2,1200,2000,benign_assessed,clarify,edge__benign_assessed__clarify,42,41,0.37916666666666665,0.37916666666666665,0.0,0.0986111111111111,0.11249999999999999,-0.013888888888888895,0.14444444444444446,0.1375,0.0069444444444444475,True,True,True,True,False,False,True,True,False,False,0.002777777777777778,0.002777777777777778
2,1200,2001,benign_assessed,clarify,edge__benign_assessed__clarify,43,42,0.3736111111111111,0.3861111111111111,-0.012500000000000011,0.07916666666666666,0.061111111111111116,0.018055555555555547,0.11111111111111112,0.10416666666666667,0.0069444444444444475,True,True,True,True,False,False,True,True,False,False,0.001388888888888889,0.001388888888888889
2,1200,2002,benign_assessed,clarify,edge__benign_assessed__clarify,42,41,0.3736111111111111,0.3861111111111111,-0.012500000000000011,0.07916666666666666,0.061111111111111116,0.018055555555555547,0.11111111111111112,0.10416666666666667,0.0069444444444444475,True,True,True,True,False,False,True,True,False,False,0.001388888888888889,0.001388888888888889
2,1200,2003,benign_assessed,clarify,edge__benign_assessed__clarify,44,43,0.37222222222222223,0.3888888888888889,-0.016666666666666663,0.07916666666666666,0.06527777777777782,0.01388888888888884,0.11944444444444445,0.11527777777777778,0.004166666666666666,True,True,True,True,False,False,True,True,False,False,0.001388888888888889,0.001388888888888889
2,1200,2004,benign_assessed,clarify,edge__benign_assessed__clarify,43,42,0.3263888888888889,0.33194444444444443,-0.005555555555555536,0.11944444444444446,0.10555555555555557,0.013888888888888895,0.09027777777777778,0.08888888888888889,0.001388888888888884,True,True,True,True,False,False,True,True,False,False,0.001388888888888889,0.001388888888888889
2,1200,2005,benign_assessed,clarify,edge__benign_assessed__clarify,42,41,0.4472222222222222,0.4583333333333333,-0.011111111111111127,0.054166666666666696,0.05694444444444441,-0.0027777777777777124,0.15416666666666667,0.14583333333333334,0.008333333333333331,True,True,True,True,False,False,True,True,False,False,0.001388888888888889,0.002777777777777778
2,1200,2006,benign_assessed,clarify,edge__benign_assessed__clarify,43,42,0.3111111111111111,0.3138888888888889,-0.002777777777777768,0.08333333333333331,0.10416666666666669,-0.02083333333333337,0.1486111111111111,0.14305555555555557,0.005555555555555536,True,True,True,True,False,False,True,True,False,False,0.002777777777777778,0.002777777777777778
2,1200,2007,benign_assessed,clarify,edge__benign_assessed__clarify,43,42,0.3125,0.3111111111111111,0.001388888888888884,0.09583333333333333,0.11666666666666664,-0.020833333333333315,0.16111111111111112,0.15416666666666667,0.0069444444444444475,True,True,True,True,False,False,True,True,False,False,0.001388888888888889,0.001388888888888889
2,1200,2008,benign_assessed,clarify,edge__benign_assessed__clarify,43,42,0.3819444444444444,0.38749999999999996,-0.005555555555555536,0.09444444444444444,0.09027777777777779,0.004166666666666652,0.09166666666666667,0.09722222222222222,-0.00555555555555555,True,True,True,True,False,False,True,True,False,False,0.001388888888888889,0.001388888888888889
2,1200,2009,benign_assessed,clarify,edge__benign_assessed__clarify,43,42,0.3763888888888889,0.3902777777777778,-0.013888888888888895,0.0763888888888889,0.0625,0.013888888888888895,0.1138888888888889,0.10694444444444445,0.0069444444444444475,True,True,True,True,False,False,True,True,False,False,0.001388888888888889,0.001388888888888889
2,1200,2010,benign_assessed,clarify,edge__benign_assessed__clarify,44,43,0.375,0.3875,-0.012500000000000011,0.07777777777777778,0.05833333333333329,0.019444444444444486,0.10972222222222222,0.10277777777777779,0.006944444444444434,True,True,True,True,False,False,True,True,False,False,0.001388888888888889,0.001388888888888889
2,1200,2011,benign_assessed,clarify,edge__benign_assessed__clarify,44,43,0.45694444444444443,0.46527777777777773,-0.008333333333333304,0.06111111111111117,0.05972222222222229,0.001388888888888884,0.14305555555555555,0.14305555555555557,-2.7755575615628914e-17,True,True,True,True,False,False,True,True,False,False,0.001388888888888889,0.002777777777777778
